order_id,customer_id,order_date,status,country,signup_date,year,month,month_name,quarter,day_name,year_month,first_order_date,days_since_first_order
1,103,2024-10-31,Completed,Italy,2023-03-22,2024,10,October,4,Thursday,2024-10,2024-01-25,280
2,271,2024-10-12,Completed,France,2023-08-29,2024,10,October,4,Saturday,2024-10,2024-05-30,135
3,107,2024-05-23,Completed,Italy,2024-01-05,2024,5,May,2,Thursday,2024-05,2024-05-23,0
4,72,2024-01-19,Completed,France,2023-10-30,2024,1,January,1,Friday,2024-01,2024-01-19,0
5,189,2024-01-18,Completed,Germany,2023-06-03,2024,1,January,1,Thursday,2024-01,2024-01-18,0
6,21,2024-09-13,Completed,France,2023-01-17,2024,9,September,3,Friday,2024-09,2024-02-23,203
7,103,2024-03-18,Completed,Italy,2023-03-22,2024,3,March,1,Monday,2024-03,2024-01-25,53
8,122,2024-06-23,Cancelled,Germany,2023-06-10,2024,6,June,2,Sunday,2024-06,2024-03-08,107
9,215,2024-07-12,Completed,Germany,2024-02-15,2024,7,July,3,Friday,2024-07,2024-02-02,161
10,88,2024-04-22,Completed,Italy,2023-12-09,2024,4,April,2,Monday,2024-04,2024-04-22,0
11,100,2024-04-23,Completed,Italy,2024-02-08,2024,4,April,2,Tuesday,2024-04,2024-02-06,77
12,152,2024-08-09,Completed,Morocco,2023-09-15,2024,8,August,3,Friday,2024-08,2024-02-16,175
13,131,2024-06-14,Completed,Spain,2024-04-08,2024,6,June,2,Friday,2024-06,2024-02-28,107
14,150,2024-11-14,Completed,Morocco,2024-02-07,2024,11,November,4,Thursday,2024-11,2024-09-27,48
15,258,2024-05-11,Completed,Morocco,2023-10-06,2024,5,May,2,Saturday,2024-05,2024-04-01,40
16,294,2024-09-20,Completed,France,2024-01-06,2024,9,September,3,Friday,2024-09,2024-02-05,228
17,192,2024-02-24,Completed,Italy,2023-08-10,2024,2,February,1,Saturday,2024-02,2024-01-12,43
18,277,2024-12-24,Completed,Germany,2023-07-19,2024,12,December,4,Tuesday,2024-12,2024-01-15,344
19,161,2024-05-10,Returned,Germany,2023-12-24,2024,5,May,2,Friday,2024-05,2024-05-10,0
20,22,2024-10-14,Completed,Italy,2023-08-04,2024,10,October,4,Monday,2024-10,2024-04-17,180
21,253,2024-09-22,Completed,Morocco,2023-05-19,2024,9,September,3,Sunday,2024-09,2024-01-07,259
22,236,2024-06-10,Completed,Morocco,2023-01-02,2024,6,June,2,Monday,2024-06,2024-01-03,159
23,49,2024-03-27,Completed,Spain,2024-01-28,2024,3,March,1,Wednesday,2024-03,2024-03-27,0
24,59,2024-02-24,Completed,Spain,2023-02-24,2024,2,February,1,Saturday,2024-02,2024-02-24,0
25,170,2024-10-14,Completed,Morocco,2023-09-07,2024,10,October,4,Monday,2024-10,2024-03-01,227
26,188,2024-06-26,Returned,Germany,2023-07-30,2024,6,June,2,Wednesday,2024-06,2024-06-26,0
27,271,2024-12-14,Completed,France,2023-08-29,2024,12,December,4,Saturday,2024-12,2024-05-30,198
28,190,2024-01-08,Completed,Spain,2023-10-20,2024,1,January,1,Monday,2024-01,2024-01-08,0
29,175,2024-11-16,Completed,Italy,2023-01-24,2024,11,November,4,Saturday,2024-11,2024-11-16,0
30,51,2024-11-08,Completed,Germany,2024-02-03,2024,11,November,4,Friday,2024-11,2024-02-10,272
31,55,2024-09-03,Completed,Italy,2024-05-04,2024,9,September,3,Tuesday,2024-09,2024-09-03,0
32,244,2024-11-18,Completed,Italy,2023-07-15,2024,11,November,4,Monday,2024-11,2024-03-11,252
33,131,2024-09-11,Completed,Spain,2024-04-08,2024,9,September,3,Wednesday,2024-09,2024-02-28,196
34,135,2024-11-23,Cancelled,France,2023-09-23,2024,11,November,4,Saturday,2024-11,2024-04-12,225
35,21,2024-02-23,Completed,France,2023-01-17,2024,2,February,1,Friday,2024-02,2024-02-23,0
36,167,2024-09-05,Completed,Morocco,2023-11-23,2024,9,September,3,Thursday,2024-09,2024-09-05,0
37,274,2024-08-26,Completed,Morocco,2023-06-12,2024,8,August,3,Monday,2024-08,2024-03-06,173
38,89,2024-08-16,Completed,Morocco,2024-03-04,2024,8,August,3,Friday,2024-08,2024-05-16,92
39,14,2024-03-07,Completed,Italy,2023-01-04,2024,3,March,1,Thursday,2024-03,2024-03-07,0
40,242,2024-02-20,Completed,France,2023-12-02,2024,2,February,1,Tuesday,2024-02,2024-01-12,39
41,265,2024-04-06,Completed,Italy,2023-03-29,2024,4,April,2,Saturday,2024-04,2024-01-26,71
42,53,2024-04-01,Cancelled,France,2023-11-04,2024,4,April,2,Monday,2024-04,2024-01-02,90
43,92,2024-09-20,Completed,Spain,2023-09-01,2024,9,September,3,Friday,2024-09,2024-04-14,159
44,264,2024-10-17,Completed,France,2023-01-02,2024,10,October,4,Thursday,2024-10,2024-03-02,229
45,35,2024-04-05,Cancelled,Spain,2023-11-14,2024,4,April,2,Friday,2024-04,2024-03-28,8
46,206,2024-03-28,Completed,Spain,2023-12-28,2024,3,March,1,Thursday,2024-03,2024-03-28,0
47,81,2024-03-18,Completed,Spain,2023-05-15,2024,3,March,1,Monday,2024-03,2024-03-18,0
48,50,2024-10-14,Completed,France,2024-04-04,2024,10,October,4,Monday,2024-10,2024-10-14,0
49,2,2024-04-29,Completed,Italy,2023-02-10,2024,4,April,2,Monday,2024-04,2024-03-09,51
50,54,2024-10-28,Completed,Morocco,2023-06-12,2024,10,October,4,Monday,2024-10,2024-01-22,280
51,106,2024-06-13,Returned,France,2023-05-09,2024,6,June,2,Thursday,2024-06,2024-01-27,138
52,260,2024-06-30,Completed,Italy,2024-03-11,2024,6,June,2,Sunday,2024-06,2024-06-30,0
53,191,2024-08-10,Completed,Italy,2024-04-19,2024,8,August,3,Saturday,2024-08,2024-05-24,78
54,218,2024-11-06,Completed,Germany,2024-04-12,2024,11,November,4,Wednesday,2024-11,2024-03-21,230
55,44,2024-01-07,Completed,France,2023-02-04,2024,1,January,1,Sunday,2024-01,2024-01-07,0
56,162,2024-11-25,Completed,Italy,2023-09-12,2024,11,November,4,Monday,2024-11,2024-01-07,323
57,202,2024-09-19,Completed,Spain,2023-02-18,2024,9,September,3,Thursday,2024-09,2024-01-15,248
58,270,2024-06-09,Returned,Spain,2023-09-17,2024,6,June,2,Sunday,2024-06,2024-06-09,0
59,271,2024-05-30,Completed,France,2023-08-29,2024,5,May,2,Thursday,2024-05,2024-05-30,0
60,215,2024-03-25,Completed,Germany,2024-02-15,2024,3,March,1,Monday,2024-03,2024-02-02,52
61,252,2024-05-26,Completed,Germany,2023-12-28,2024,5,May,2,Sunday,2024-05,2024-01-11,136
62,190,2024-04-21,Completed,Spain,2023-10-20,2024,4,April,2,Sunday,2024-04,2024-01-08,104
63,296,2024-02-05,Completed,France,2023-06-11,2024,2,February,1,Monday,2024-02,2024-02-05,0
64,213,2024-10-11,Completed,France,2024-04-27,2024,10,October,4,Friday,2024-10,2024-03-30,195
65,208,2024-07-06,Completed,Morocco,2024-04-07,2024,7,July,3,Saturday,2024-07,2024-05-22,45
66,237,2024-03-22,Completed,Italy,2023-06-27,2024,3,March,1,Friday,2024-03,2024-03-22,0
67,53,2024-01-02,Completed,France,2023-11-04,2024,1,January,1,Tuesday,2024-01,2024-01-02,0
68,280,2024-10-29,Completed,Italy,2023-01-31,2024,10,October,4,Tuesday,2024-10,2024-02-08,264
69,217,2024-07-15,Returned,Italy,2023-02-01,2024,7,July,3,Monday,2024-07,2024-04-01,105
70,252,2024-01-11,Completed,Germany,2023-12-28,2024,1,January,1,Thursday,2024-01,2024-01-11,0
71,188,2024-08-21,Completed,Germany,2023-07-30,2024,8,August,3,Wednesday,2024-08,2024-06-26,56
72,41,2024-07-13,Completed,Spain,2023-06-12,2024,7,July,3,Saturday,2024-07,2024-02-01,163
73,157,2024-04-28,Returned,Morocco,2024-04-07,2024,4,April,2,Sunday,2024-04,2024-04-02,26
74,15,2024-01-20,Returned,Morocco,2023-09-01,2024,1,January,1,Saturday,2024-01,2024-01-20,0
75,65,2024-09-17,Completed,France,2023-08-31,2024,9,September,3,Tuesday,2024-09,2024-08-29,19
76,9,2024-10-19,Cancelled,Morocco,2023-08-09,2024,10,October,4,Saturday,2024-10,2024-07-18,93
77,129,2024-09-12,Completed,France,2024-03-29,2024,9,September,3,Thursday,2024-09,2024-01-17,239
78,136,2024-08-09,Completed,Spain,2023-07-01,2024,8,August,3,Friday,2024-08,2024-06-01,69
79,63,2024-08-13,Completed,Spain,2024-03-03,2024,8,August,3,Tuesday,2024-08,2024-01-09,217
80,139,2024-02-22,Completed,France,2024-03-08,2024,2,February,1,Thursday,2024-02,2024-02-22,0
81,81,2024-12-20,Completed,Spain,2023-05-15,2024,12,December,4,Friday,2024-12,2024-03-18,277
82,163,2024-12-07,Cancelled,Spain,2023-07-27,2024,12,December,4,Saturday,2024-12,2024-01-29,313
83,289,2024-12-29,Completed,Italy,2023-05-28,2024,12,December,4,Sunday,2024-12,2024-03-22,282
84,261,2024-10-06,Completed,Morocco,2023-10-31,2024,10,October,4,Sunday,2024-10,2024-01-12,268
85,231,2024-03-21,Completed,Morocco,2024-02-18,2024,3,March,1,Thursday,2024-03,2024-02-11,39
86,41,2024-07-20,Completed,Spain,2023-06-12,2024,7,July,3,Saturday,2024-07,2024-02-01,170
87,28,2024-06-06,Completed,Morocco,2024-02-04,2024,6,June,2,Thursday,2024-06,2024-04-04,63
88,135,2024-04-29,Completed,France,2023-09-23,2024,4,April,2,Monday,2024-04,2024-04-12,17
89,201,2024-02-28,Completed,France,2024-01-16,2024,2,February,1,Wednesday,2024-02,2024-02-28,0
90,268,2024-08-02,Returned,France,2023-05-10,2024,8,August,3,Friday,2024-08,2024-02-14,170
91,33,2024-05-07,Completed,Italy,2023-04-11,2024,5,May,2,Tuesday,2024-05,2024-05-07,0
92,48,2024-08-11,Completed,Italy,2023-12-24,2024,8,August,3,Sunday,2024-08,2024-01-29,195
93,62,2024-07-27,Completed,Spain,2023-05-07,2024,7,July,3,Saturday,2024-07,2024-03-13,136
94,216,2024-04-24,Completed,Italy,2023-01-08,2024,4,April,2,Wednesday,2024-04,2024-01-14,101
95,293,2024-07-27,Completed,Germany,2023-11-04,2024,7,July,3,Saturday,2024-07,2024-05-08,80
96,99,2024-01-14,Completed,Italy,2024-01-09,2024,1,January,1,Sunday,2024-01,2024-01-13,1
97,172,2024-01-09,Returned,Italy,2023-07-18,2024,1,January,1,Tuesday,2024-01,2024-01-09,0
98,214,2024-02-09,Completed,Italy,2023-04-01,2024,2,February,1,Friday,2024-02,2024-01-18,22
99,35,2024-08-24,Returned,Spain,2023-11-14,2024,8,August,3,Saturday,2024-08,2024-03-28,149
100,227,2024-10-07,Cancelled,Spain,2023-09-21,2024,10,October,4,Monday,2024-10,2024-06-01,128
101,101,2024-12-24,Completed,Germany,2024-01-10,2024,12,December,4,Tuesday,2024-12,2024-01-02,357
102,131,2024-07-19,Returned,Spain,2024-04-08,2024,7,July,3,Friday,2024-07,2024-02-28,142
103,257,2024-09-02,Completed,Italy,2023-09-06,2024,9,September,3,Monday,2024-09,2024-05-25,100
104,5,2024-10-04,Cancelled,Italy,2024-02-05,2024,10,October,4,Friday,2024-10,2024-01-22,256
105,218,2024-08-22,Completed,Germany,2024-04-12,2024,8,August,3,Thursday,2024-08,2024-03-21,154
106,255,2024-01-04,Cancelled,France,2023-09-30,2024,1,January,1,Thursday,2024-01,2024-01-04,0
107,283,2024-06-02,Cancelled,Italy,2023-01-21,2024,6,June,2,Sunday,2024-06,2024-03-04,90
108,207,2024-01-29,Cancelled,Germany,2023-03-18,2024,1,January,1,Monday,2024-01,2024-01-02,27
109,15,2024-04-18,Completed,Morocco,2023-09-01,2024,4,April,2,Thursday,2024-04,2024-01-20,89
110,42,2024-04-07,Completed,Italy,2024-01-07,2024,4,April,2,Sunday,2024-04,2024-04-07,0
111,179,2024-08-02,Completed,Spain,2023-05-08,2024,8,August,3,Friday,2024-08,2024-04-07,117
112,63,2024-10-19,Completed,Spain,2024-03-03,2024,10,October,4,Saturday,2024-10,2024-01-09,284
113,231,2024-03-15,Completed,Morocco,2024-02-18,2024,3,March,1,Friday,2024-03,2024-02-11,33
114,241,2024-11-21,Completed,Morocco,2024-01-22,2024,11,November,4,Thursday,2024-11,2024-11-21,0
115,52,2024-05-25,Completed,France,2023-01-21,2024,5,May,2,Saturday,2024-05,2024-05-25,0
116,96,2024-05-07,Returned,Germany,2024-01-31,2024,5,May,2,Tuesday,2024-05,2024-01-11,117
117,222,2024-12-06,Completed,Spain,2023-07-10,2024,12,December,4,Friday,2024-12,2024-05-06,214
118,231,2024-02-11,Cancelled,Morocco,2024-02-18,2024,2,February,1,Sunday,2024-02,2024-02-11,0
119,237,2024-12-21,Completed,Italy,2023-06-27,2024,12,December,4,Saturday,2024-12,2024-03-22,274
120,143,2024-02-10,Cancelled,Italy,2023-08-24,2024,2,February,1,Saturday,2024-02,2024-01-19,22
121,171,2024-02-03,Returned,Italy,2023-07-09,2024,2,February,1,Saturday,2024-02,2024-02-03,0
122,29,2024-01-17,Completed,Germany,2023-07-26,2024,1,January,1,Wednesday,2024-01,2024-01-17,0
123,36,2024-06-13,Completed,Italy,2024-01-03,2024,6,June,2,Thursday,2024-06,2024-02-15,119
124,13,2024-06-01,Completed,Italy,2024-02-10,2024,6,June,2,Saturday,2024-06,2024-06-01,0
125,160,2024-03-16,Completed,France,2023-05-11,2024,3,March,1,Saturday,2024-03,2024-03-16,0
126,187,2024-03-27,Completed,Morocco,2024-02-14,2024,3,March,1,Wednesday,2024-03,2024-02-29,27
127,243,2024-04-26,Completed,France,2024-03-10,2024,4,April,2,Friday,2024-04,2024-02-12,74
128,86,2024-12-27,Completed,Morocco,2024-02-17,2024,12,December,4,Friday,2024-12,2024-02-07,324
129,284,2024-12-07,Completed,Morocco,2023-08-22,2024,12,December,4,Saturday,2024-12,2024-06-16,174
130,66,2024-01-27,Completed,Spain,2023-12-15,2024,1,January,1,Saturday,2024-01,2024-01-27,0
131,170,2024-11-08,Completed,Morocco,2023-09-07,2024,11,November,4,Friday,2024-11,2024-03-01,252
132,45,2024-10-13,Completed,Italy,2023-10-11,2024,10,October,4,Sunday,2024-10,2024-10-13,0
133,62,2024-05-13,Returned,Spain,2023-05-07,2024,5,May,2,Monday,2024-05,2024-03-13,61
134,134,2024-08-06,Completed,Italy,2023-08-28,2024,8,August,3,Tuesday,2024-08,2024-05-03,95
135,284,2024-06-16,Returned,Morocco,2023-08-22,2024,6,June,2,Sunday,2024-06,2024-06-16,0
136,28,2024-04-07,Completed,Morocco,2024-02-04,2024,4,April,2,Sunday,2024-04,2024-04-04,3
137,108,2024-09-24,Completed,Italy,2023-06-04,2024,9,September,3,Tuesday,2024-09,2024-01-05,263
138,44,2024-08-24,Completed,France,2023-02-04,2024,8,August,3,Saturday,2024-08,2024-01-07,230
139,286,2024-11-04,Completed,Spain,2023-10-06,2024,11,November,4,Monday,2024-11,2024-01-04,305
140,128,2024-06-21,Completed,Italy,2024-03-20,2024,6,June,2,Friday,2024-06,2024-01-14,159
141,231,2024-07-08,Completed,Morocco,2024-02-18,2024,7,July,3,Monday,2024-07,2024-02-11,148
142,190,2024-05-01,Completed,Spain,2023-10-20,2024,5,May,2,Wednesday,2024-05,2024-01-08,114
143,225,2024-02-15,Completed,Morocco,2023-03-02,2024,2,February,1,Thursday,2024-02,2024-02-15,0
144,283,2024-03-04,Completed,Italy,2023-01-21,2024,3,March,1,Monday,2024-03,2024-03-04,0
145,121,2024-05-09,Completed,Germany,2024-01-25,2024,5,May,2,Thursday,2024-05,2024-05-09,0
146,116,2024-11-05,Completed,France,2023-07-16,2024,11,November,4,Tuesday,2024-11,2024-08-23,74
147,233,2024-12-28,Completed,Spain,2023-05-29,2024,12,December,4,Saturday,2024-12,2024-01-25,338
148,259,2024-07-11,Completed,Spain,2024-03-15,2024,7,July,3,Thursday,2024-07,2024-04-15,87
149,198,2024-11-02,Completed,Germany,2023-05-02,2024,11,November,4,Saturday,2024-11,2024-02-11,265
150,137,2024-06-29,Returned,France,2023-04-15,2024,6,June,2,Saturday,2024-06,2024-02-04,146
151,165,2024-10-18,Completed,Italy,2023-04-05,2024,10,October,4,Friday,2024-10,2024-07-13,97
152,225,2024-10-08,Completed,Morocco,2023-03-02,2024,10,October,4,Tuesday,2024-10,2024-02-15,236
153,234,2024-01-29,Returned,Germany,2023-07-23,2024,1,January,1,Monday,2024-01,2024-01-29,0
154,172,2024-05-28,Completed,Italy,2023-07-18,2024,5,May,2,Tuesday,2024-05,2024-01-09,140
155,152,2024-09-23,Completed,Morocco,2023-09-15,2024,9,September,3,Monday,2024-09,2024-02-16,220
156,160,2024-10-22,Completed,France,2023-05-11,2024,10,October,4,Tuesday,2024-10,2024-03-16,220
157,96,2024-01-11,Completed,Germany,2024-01-31,2024,1,January,1,Thursday,2024-01,2024-01-11,0
158,233,2024-06-12,Completed,Spain,2023-05-29,2024,6,June,2,Wednesday,2024-06,2024-01-25,139
159,180,2024-04-22,Completed,Italy,2023-04-03,2024,4,April,2,Monday,2024-04,2024-04-22,0
160,113,2024-07-05,Completed,Spain,2024-04-12,2024,7,July,3,Friday,2024-07,2024-02-24,132
161,52,2024-10-21,Completed,France,2023-01-21,2024,10,October,4,Monday,2024-10,2024-05-25,149
162,268,2024-08-19,Returned,France,2023-05-10,2024,8,August,3,Monday,2024-08,2024-02-14,187
163,295,2024-08-14,Cancelled,France,2024-03-05,2024,8,August,3,Wednesday,2024-08,2024-08-14,0
164,113,2024-11-05,Completed,Spain,2024-04-12,2024,11,November,4,Tuesday,2024-11,2024-02-24,255
165,101,2024-04-07,Completed,Germany,2024-01-10,2024,4,April,2,Sunday,2024-04,2024-01-02,96
166,113,2024-02-24,Completed,Spain,2024-04-12,2024,2,February,1,Saturday,2024-02,2024-02-24,0
167,81,2024-04-20,Completed,Spain,2023-05-15,2024,4,April,2,Saturday,2024-04,2024-03-18,33
168,187,2024-05-31,Completed,Morocco,2024-02-14,2024,5,May,2,Friday,2024-05,2024-02-29,92
169,113,2024-09-02,Completed,Spain,2024-04-12,2024,9,September,3,Monday,2024-09,2024-02-24,191
170,2,2024-03-09,Cancelled,Italy,2023-02-10,2024,3,March,1,Saturday,2024-03,2024-03-09,0
171,130,2024-11-07,Completed,Spain,2023-07-26,2024,11,November,4,Thursday,2024-11,2024-04-28,193
172,220,2024-10-15,Completed,France,2024-01-29,2024,10,October,4,Tuesday,2024-10,2024-06-14,123
173,54,2024-09-06,Completed,Morocco,2023-06-12,2024,9,September,3,Friday,2024-09,2024-01-22,228
174,224,2024-02-05,Completed,France,2023-06-12,2024,2,February,1,Monday,2024-02,2024-01-02,34
175,225,2024-08-26,Cancelled,Morocco,2023-03-02,2024,8,August,3,Monday,2024-08,2024-02-15,193
176,126,2024-05-27,Completed,France,2023-07-24,2024,5,May,2,Monday,2024-05,2024-03-20,68
177,130,2024-08-14,Completed,Spain,2023-07-26,2024,8,August,3,Wednesday,2024-08,2024-04-28,108
178,53,2024-08-31,Completed,France,2023-11-04,2024,8,August,3,Saturday,2024-08,2024-01-02,242
179,172,2024-12-02,Completed,Italy,2023-07-18,2024,12,December,4,Monday,2024-12,2024-01-09,328
180,218,2024-12-30,Completed,Germany,2024-04-12,2024,12,December,4,Monday,2024-12,2024-03-21,284
181,160,2024-07-19,Completed,France,2023-05-11,2024,7,July,3,Friday,2024-07,2024-03-16,125
182,198,2024-06-02,Completed,Germany,2023-05-02,2024,6,June,2,Sunday,2024-06,2024-02-11,112
183,247,2024-03-13,Completed,Spain,2024-05-12,2024,3,March,1,Wednesday,2024-03,2024-01-25,48
184,203,2024-07-19,Completed,Spain,2024-01-12,2024,7,July,3,Friday,2024-07,2024-01-24,177
185,184,2024-10-22,Completed,France,2024-04-21,2024,10,October,4,Tuesday,2024-10,2024-04-26,179
186,123,2024-01-17,Completed,Spain,2024-03-14,2024,1,January,1,Wednesday,2024-01,2024-01-17,0
187,255,2024-05-08,Completed,France,2023-09-30,2024,5,May,2,Wednesday,2024-05,2024-01-04,125
188,294,2024-08-04,Completed,France,2024-01-06,2024,8,August,3,Sunday,2024-08,2024-02-05,181
189,280,2024-03-01,Returned,Italy,2023-01-31,2024,3,March,1,Friday,2024-03,2024-02-08,22
190,98,2024-04-13,Cancelled,Morocco,2024-02-20,2024,4,April,2,Saturday,2024-04,2024-02-24,49
191,198,2024-02-11,Returned,Germany,2023-05-02,2024,2,February,1,Sunday,2024-02,2024-02-11,0
192,240,2024-01-25,Completed,France,2024-04-26,2024,1,January,1,Thursday,2024-01,2024-01-25,0
193,144,2024-02-08,Completed,France,2023-06-22,2024,2,February,1,Thursday,2024-02,2024-01-09,30
194,97,2024-10-17,Completed,Spain,2023-12-17,2024,10,October,4,Thursday,2024-10,2024-08-11,67
195,201,2024-05-10,Completed,France,2024-01-16,2024,5,May,2,Friday,2024-05,2024-02-28,72
196,124,2024-08-16,Cancelled,Morocco,2023-01-19,2024,8,August,3,Friday,2024-08,2024-01-20,209
197,187,2024-04-17,Completed,Morocco,2024-02-14,2024,4,April,2,Wednesday,2024-04,2024-02-29,48
198,259,2024-06-20,Completed,Spain,2024-03-15,2024,6,June,2,Thursday,2024-06,2024-04-15,66
199,148,2024-04-11,Completed,Morocco,2024-04-02,2024,4,April,2,Thursday,2024-04,2024-01-27,75
200,252,2024-12-19,Completed,Germany,2023-12-28,2024,12,December,4,Thursday,2024-12,2024-01-11,343
201,147,2024-01-12,Completed,Germany,2024-05-08,2024,1,January,1,Friday,2024-01,2024-01-12,0
202,148,2024-10-01,Completed,Morocco,2024-04-02,2024,10,October,4,Tuesday,2024-10,2024-01-27,248
203,199,2024-04-10,Completed,Morocco,2023-10-26,2024,4,April,2,Wednesday,2024-04,2024-04-10,0
204,128,2024-02-13,Completed,Italy,2024-03-20,2024,2,February,1,Tuesday,2024-02,2024-01-14,30
205,39,2024-10-31,Completed,Morocco,2024-02-15,2024,10,October,4,Thursday,2024-10,2024-01-10,295
206,129,2024-01-17,Completed,France,2024-03-29,2024,1,January,1,Wednesday,2024-01,2024-01-17,0
207,267,2024-11-25,Cancelled,Spain,2024-02-15,2024,11,November,4,Monday,2024-11,2024-05-21,188
208,151,2024-02-26,Returned,Germany,2023-06-06,2024,2,February,1,Monday,2024-02,2024-02-26,0
209,298,2024-11-06,Completed,Morocco,2023-12-06,2024,11,November,4,Wednesday,2024-11,2024-11-06,0
210,99,2024-10-29,Completed,Italy,2024-01-09,2024,10,October,4,Tuesday,2024-10,2024-01-13,290
211,263,2024-01-12,Completed,Spain,2024-05-07,2024,1,January,1,Friday,2024-01,2024-01-12,0
212,252,2024-11-13,Completed,Germany,2023-12-28,2024,11,November,4,Wednesday,2024-11,2024-01-11,307
213,144,2024-03-20,Completed,France,2023-06-22,2024,3,March,1,Wednesday,2024-03,2024-01-09,71
214,112,2024-08-03,Cancelled,Germany,2024-04-25,2024,8,August,3,Saturday,2024-08,2024-07-06,28
215,60,2024-12-04,Completed,Spain,2024-04-15,2024,12,December,4,Wednesday,2024-12,2024-09-18,77
216,2,2024-09-20,Returned,Italy,2023-02-10,2024,9,September,3,Friday,2024-09,2024-03-09,195
217,254,2024-05-28,Completed,Germany,2023-08-09,2024,5,May,2,Tuesday,2024-05,2024-03-26,63
218,140,2024-03-21,Completed,Morocco,2024-02-05,2024,3,March,1,Thursday,2024-03,2024-03-21,0
219,37,2024-08-02,Completed,Italy,2023-08-29,2024,8,August,3,Friday,2024-08,2024-08-02,0
220,160,2024-07-16,Cancelled,France,2023-05-11,2024,7,July,3,Tuesday,2024-07,2024-03-16,122
221,9,2024-07-18,Completed,Morocco,2023-08-09,2024,7,July,3,Thursday,2024-07,2024-07-18,0
222,233,2024-01-25,Completed,Spain,2023-05-29,2024,1,January,1,Thursday,2024-01,2024-01-25,0
223,99,2024-03-29,Completed,Italy,2024-01-09,2024,3,March,1,Friday,2024-03,2024-01-13,76
224,147,2024-09-24,Completed,Germany,2024-05-08,2024,9,September,3,Tuesday,2024-09,2024-01-12,256
225,208,2024-05-22,Completed,Morocco,2024-04-07,2024,5,May,2,Wednesday,2024-05,2024-05-22,0
226,131,2024-02-28,Completed,Spain,2024-04-08,2024,2,February,1,Wednesday,2024-02,2024-02-28,0
227,152,2024-12-30,Completed,Morocco,2023-09-15,2024,12,December,4,Monday,2024-12,2024-02-16,318
228,54,2024-01-26,Completed,Morocco,2023-06-12,2024,1,January,1,Friday,2024-01,2024-01-22,4
229,120,2024-02-16,Completed,Spain,2023-03-20,2024,2,February,1,Friday,2024-02,2024-02-16,0
230,161,2024-10-14,Completed,Germany,2023-12-24,2024,10,October,4,Monday,2024-10,2024-05-10,157
231,116,2024-09-22,Completed,France,2023-07-16,2024,9,September,3,Sunday,2024-09,2024-08-23,30
232,75,2024-01-16,Completed,Spain,2023-07-03,2024,1,January,1,Tuesday,2024-01,2024-01-12,4
233,113,2024-07-17,Completed,Spain,2024-04-12,2024,7,July,3,Wednesday,2024-07,2024-02-24,144
234,104,2024-10-08,Completed,Spain,2023-02-05,2024,10,October,4,Tuesday,2024-10,2024-03-17,205
235,254,2024-03-26,Returned,Germany,2023-08-09,2024,3,March,1,Tuesday,2024-03,2024-03-26,0
236,227,2024-09-06,Completed,Spain,2023-09-21,2024,9,September,3,Friday,2024-09,2024-06-01,97
237,112,2024-09-26,Completed,Germany,2024-04-25,2024,9,September,3,Thursday,2024-09,2024-07-06,82
238,99,2024-11-30,Completed,Italy,2024-01-09,2024,11,November,4,Saturday,2024-11,2024-01-13,322
239,153,2024-04-26,Completed,Germany,2023-06-13,2024,4,April,2,Friday,2024-04,2024-02-28,58
240,194,2024-01-07,Completed,Morocco,2024-03-12,2024,1,January,1,Sunday,2024-01,2024-01-07,0
241,163,2024-05-16,Completed,Spain,2023-07-27,2024,5,May,2,Thursday,2024-05,2024-01-29,108
242,208,2024-06-24,Completed,Morocco,2024-04-07,2024,6,June,2,Monday,2024-06,2024-05-22,33
243,169,2024-11-23,Completed,Spain,2023-06-20,2024,11,November,4,Saturday,2024-11,2024-11-23,0
244,161,2024-11-10,Completed,Germany,2023-12-24,2024,11,November,4,Sunday,2024-11,2024-05-10,184
245,68,2024-08-02,Completed,Morocco,2023-12-02,2024,8,August,3,Friday,2024-08,2024-05-12,82
246,289,2024-03-22,Completed,Italy,2023-05-28,2024,3,March,1,Friday,2024-03,2024-03-22,0
247,277,2024-08-10,Completed,Germany,2023-07-19,2024,8,August,3,Saturday,2024-08,2024-01-15,208
248,135,2024-04-12,Completed,France,2023-09-23,2024,4,April,2,Friday,2024-04,2024-04-12,0
249,195,2024-09-29,Completed,Spain,2023-06-07,2024,9,September,3,Sunday,2024-09,2024-01-24,249
250,128,2024-01-14,Returned,Italy,2024-03-20,2024,1,January,1,Sunday,2024-01,2024-01-14,0
251,33,2024-06-07,Completed,Italy,2023-04-11,2024,6,June,2,Friday,2024-06,2024-05-07,31
252,176,2024-05-31,Completed,France,2023-09-01,2024,5,May,2,Friday,2024-05,2024-05-31,0
253,22,2024-04-17,Completed,Italy,2023-08-04,2024,4,April,2,Wednesday,2024-04,2024-04-17,0
254,238,2024-07-06,Completed,Spain,2024-02-29,2024,7,July,3,Saturday,2024-07,2024-06-24,12
255,158,2024-10-27,Completed,Italy,2024-01-02,2024,10,October,4,Sunday,2024-10,2024-02-29,241
256,38,2024-04-07,Completed,Morocco,2024-05-03,2024,4,April,2,Sunday,2024-04,2024-04-07,0
257,230,2024-05-10,Completed,Morocco,2023-02-10,2024,5,May,2,Friday,2024-05,2024-02-08,92
258,51,2024-10-19,Completed,Germany,2024-02-03,2024,10,October,4,Saturday,2024-10,2024-02-10,252
259,264,2024-06-19,Completed,France,2023-01-02,2024,6,June,2,Wednesday,2024-06,2024-03-02,109
260,283,2024-07-01,Completed,Italy,2023-01-21,2024,7,July,3,Monday,2024-07,2024-03-04,119
261,27,2024-12-29,Completed,Morocco,2024-02-23,2024,12,December,4,Sunday,2024-12,2024-12-29,0
262,226,2024-02-08,Returned,Morocco,2024-03-13,2024,2,February,1,Thursday,2024-02,2024-02-08,0
263,277,2024-01-15,Completed,Germany,2023-07-19,2024,1,January,1,Monday,2024-01,2024-01-15,0
264,286,2024-01-04,Completed,Spain,2023-10-06,2024,1,January,1,Thursday,2024-01,2024-01-04,0
265,97,2024-12-14,Returned,Spain,2023-12-17,2024,12,December,4,Saturday,2024-12,2024-08-11,125
266,284,2024-07-28,Completed,Morocco,2023-08-22,2024,7,July,3,Sunday,2024-07,2024-06-16,42
267,147,2024-06-09,Completed,Germany,2024-05-08,2024,6,June,2,Sunday,2024-06,2024-01-12,149
268,4,2024-01-16,Completed,France,2023-01-03,2024,1,January,1,Tuesday,2024-01,2024-01-16,0
269,35,2024-04-17,Cancelled,Spain,2023-11-14,2024,4,April,2,Wednesday,2024-04,2024-03-28,20
270,192,2024-11-06,Completed,Italy,2023-08-10,2024,11,November,4,Wednesday,2024-11,2024-01-12,299
271,49,2024-08-14,Completed,Spain,2024-01-28,2024,8,August,3,Wednesday,2024-08,2024-03-27,140
272,17,2024-06-18,Completed,Morocco,2023-06-15,2024,6,June,2,Tuesday,2024-06,2024-06-18,0
273,172,2024-02-03,Returned,Italy,2023-07-18,2024,2,February,1,Saturday,2024-02,2024-01-09,25
274,220,2024-09-07,Completed,France,2024-01-29,2024,9,September,3,Saturday,2024-09,2024-06-14,85
275,158,2024-09-03,Completed,Italy,2024-01-02,2024,9,September,3,Tuesday,2024-09,2024-02-29,187
276,46,2024-09-25,Completed,Italy,2023-12-25,2024,9,September,3,Wednesday,2024-09,2024-06-27,90
277,6,2024-05-20,Completed,Italy,2023-07-13,2024,5,May,2,Monday,2024-05,2024-01-12,129
278,99,2024-09-30,Completed,Italy,2024-01-09,2024,9,September,3,Monday,2024-09,2024-01-13,261
279,233,2024-04-05,Returned,Spain,2023-05-29,2024,4,April,2,Friday,2024-04,2024-01-25,71
280,37,2024-08-14,Completed,Italy,2023-08-29,2024,8,August,3,Wednesday,2024-08,2024-08-02,12
281,280,2024-02-08,Completed,Italy,2023-01-31,2024,2,February,1,Thursday,2024-02,2024-02-08,0
282,181,2024-10-28,Completed,Spain,2023-10-27,2024,10,October,4,Monday,2024-10,2024-10-11,17
283,95,2024-01-29,Cancelled,Spain,2023-11-23,2024,1,January,1,Monday,2024-01,2024-01-01,28
284,99,2024-11-13,Completed,Italy,2024-01-09,2024,11,November,4,Wednesday,2024-11,2024-01-13,305
285,188,2024-09-01,Completed,Germany,2023-07-30,2024,9,September,3,Sunday,2024-09,2024-06-26,67
286,116,2024-08-23,Cancelled,France,2023-07-16,2024,8,August,3,Friday,2024-08,2024-08-23,0
287,191,2024-07-03,Cancelled,Italy,2024-04-19,2024,7,July,3,Wednesday,2024-07,2024-05-24,40
288,253,2024-09-28,Cancelled,Morocco,2023-05-19,2024,9,September,3,Saturday,2024-09,2024-01-07,265
289,161,2024-08-23,Returned,Germany,2023-12-24,2024,8,August,3,Friday,2024-08,2024-05-10,105
290,256,2024-08-26,Completed,Germany,2023-06-03,2024,8,August,3,Monday,2024-08,2024-02-15,193
291,128,2024-09-22,Completed,Italy,2024-03-20,2024,9,September,3,Sunday,2024-09,2024-01-14,252
292,18,2024-12-24,Completed,Morocco,2023-01-26,2024,12,December,4,Tuesday,2024-12,2024-12-24,0
293,281,2024-12-05,Cancelled,France,2023-05-18,2024,12,December,4,Thursday,2024-12,2024-06-07,181
294,223,2024-03-05,Completed,Spain,2023-12-15,2024,3,March,1,Tuesday,2024-03,2024-02-09,25
295,54,2024-06-25,Completed,Morocco,2023-06-12,2024,6,June,2,Tuesday,2024-06,2024-01-22,155
296,58,2024-01-03,Completed,Morocco,2023-12-05,2024,1,January,1,Wednesday,2024-01,2024-01-03,0
297,174,2024-05-21,Completed,Italy,2023-08-09,2024,5,May,2,Tuesday,2024-05,2024-05-21,0
298,280,2024-06-06,Completed,Italy,2023-01-31,2024,6,June,2,Thursday,2024-06,2024-02-08,119
299,114,2024-11-19,Returned,Morocco,2023-05-22,2024,11,November,4,Tuesday,2024-11,2024-02-08,285
300,288,2024-05-25,Returned,France,2024-02-20,2024,5,May,2,Saturday,2024-05,2024-05-25,0
301,151,2024-10-19,Completed,Germany,2023-06-06,2024,10,October,4,Saturday,2024-10,2024-02-26,236
302,127,2024-06-01,Completed,Italy,2023-01-29,2024,6,June,2,Saturday,2024-06,2024-02-21,101
303,155,2024-07-11,Completed,France,2024-01-26,2024,7,July,3,Thursday,2024-07,2024-01-04,189
304,273,2024-03-13,Completed,Germany,2023-08-16,2024,3,March,1,Wednesday,2024-03,2024-03-13,0
305,104,2024-10-31,Cancelled,Spain,2023-02-05,2024,10,October,4,Thursday,2024-10,2024-03-17,228
306,299,2024-12-09,Completed,France,2023-03-02,2024,12,December,4,Monday,2024-12,2024-10-28,42
307,246,2024-05-19,Completed,Germany,2023-09-06,2024,5,May,2,Sunday,2024-05,2024-05-19,0
308,176,2024-07-05,Cancelled,France,2023-09-01,2024,7,July,3,Friday,2024-07,2024-05-31,35
309,39,2024-10-19,Completed,Morocco,2024-02-15,2024,10,October,4,Saturday,2024-10,2024-01-10,283
310,170,2024-03-01,Completed,Morocco,2023-09-07,2024,3,March,1,Friday,2024-03,2024-03-01,0
311,247,2024-07-16,Completed,Spain,2024-05-12,2024,7,July,3,Tuesday,2024-07,2024-01-25,173
312,26,2024-10-21,Completed,Spain,2023-07-24,2024,10,October,4,Monday,2024-10,2024-01-08,287
313,13,2024-11-14,Completed,Italy,2024-02-10,2024,11,November,4,Thursday,2024-11,2024-06-01,166
314,36,2024-10-28,Completed,Italy,2024-01-03,2024,10,October,4,Monday,2024-10,2024-02-15,256
315,173,2024-12-09,Completed,Morocco,2024-04-28,2024,12,December,4,Monday,2024-12,2024-01-27,317
316,20,2024-01-11,Cancelled,France,2024-04-18,2024,1,January,1,Thursday,2024-01,2024-01-11,0
317,264,2024-03-02,Completed,France,2023-01-02,2024,3,March,1,Saturday,2024-03,2024-03-02,0
318,142,2024-11-28,Completed,Germany,2024-03-15,2024,11,November,4,Thursday,2024-11,2024-01-08,325
319,143,2024-08-13,Completed,Italy,2023-08-24,2024,8,August,3,Tuesday,2024-08,2024-01-19,207
320,92,2024-06-01,Completed,Spain,2023-09-01,2024,6,June,2,Saturday,2024-06,2024-04-14,48
321,288,2024-07-17,Completed,France,2024-02-20,2024,7,July,3,Wednesday,2024-07,2024-05-25,53
322,215,2024-02-21,Completed,Germany,2024-02-15,2024,2,February,1,Wednesday,2024-02,2024-02-02,19
323,51,2024-09-16,Completed,Germany,2024-02-03,2024,9,September,3,Monday,2024-09,2024-02-10,219
324,153,2024-02-28,Returned,Germany,2023-06-13,2024,2,February,1,Wednesday,2024-02,2024-02-28,0
325,186,2024-03-12,Completed,Germany,2023-01-29,2024,3,March,1,Tuesday,2024-03,2024-03-12,0
326,63,2024-05-27,Completed,Spain,2024-03-03,2024,5,May,2,Monday,2024-05,2024-01-09,139
327,190,2024-12-14,Cancelled,Spain,2023-10-20,2024,12,December,4,Saturday,2024-12,2024-01-08,341
328,125,2024-03-03,Completed,France,2023-05-07,2024,3,March,1,Sunday,2024-03,2024-03-03,0
329,150,2024-11-05,Completed,Morocco,2024-02-07,2024,11,November,4,Tuesday,2024-11,2024-09-27,39
330,58,2024-08-30,Completed,Morocco,2023-12-05,2024,8,August,3,Friday,2024-08,2024-01-03,240
331,180,2024-11-25,Completed,Italy,2023-04-03,2024,11,November,4,Monday,2024-11,2024-04-22,217
332,170,2024-04-16,Completed,Morocco,2023-09-07,2024,4,April,2,Tuesday,2024-04,2024-03-01,46
333,271,2024-08-13,Completed,France,2023-08-29,2024,8,August,3,Tuesday,2024-08,2024-05-30,75
334,54,2024-11-08,Completed,Morocco,2023-06-12,2024,11,November,4,Friday,2024-11,2024-01-22,291
335,101,2024-08-05,Completed,Germany,2024-01-10,2024,8,August,3,Monday,2024-08,2024-01-02,216
336,264,2024-08-28,Completed,France,2023-01-02,2024,8,August,3,Wednesday,2024-08,2024-03-02,179
337,53,2024-09-15,Completed,France,2023-11-04,2024,9,September,3,Sunday,2024-09,2024-01-02,257
338,60,2024-09-18,Completed,Spain,2024-04-15,2024,9,September,3,Wednesday,2024-09,2024-09-18,0
339,108,2024-01-05,Completed,Italy,2023-06-04,2024,1,January,1,Friday,2024-01,2024-01-05,0
340,5,2024-09-17,Completed,Italy,2024-02-05,2024,9,September,3,Tuesday,2024-09,2024-01-22,239
341,103,2024-02-23,Returned,Italy,2023-03-22,2024,2,February,1,Friday,2024-02,2024-01-25,29
342,196,2024-02-16,Completed,Spain,2023-09-16,2024,2,February,1,Friday,2024-02,2024-02-16,0
343,262,2024-08-02,Completed,Morocco,2023-10-03,2024,8,August,3,Friday,2024-08,2024-08-02,0
344,47,2024-06-25,Completed,Italy,2024-01-16,2024,6,June,2,Tuesday,2024-06,2024-02-06,140
345,144,2024-01-09,Completed,France,2023-06-22,2024,1,January,1,Tuesday,2024-01,2024-01-09,0
346,269,2024-04-08,Cancelled,Italy,2023-03-19,2024,4,April,2,Monday,2024-04,2024-04-08,0
347,124,2024-01-20,Returned,Morocco,2023-01-19,2024,1,January,1,Saturday,2024-01,2024-01-20,0
348,106,2024-08-28,Completed,France,2023-05-09,2024,8,August,3,Wednesday,2024-08,2024-01-27,214
349,158,2024-03-01,Completed,Italy,2024-01-02,2024,3,March,1,Friday,2024-03,2024-02-29,1
350,147,2024-06-26,Completed,Germany,2024-05-08,2024,6,June,2,Wednesday,2024-06,2024-01-12,166
351,145,2024-12-03,Cancelled,France,2023-06-07,2024,12,December,4,Tuesday,2024-12,2024-08-04,121
352,120,2024-03-02,Completed,Spain,2023-03-20,2024,3,March,1,Saturday,2024-03,2024-02-16,15
353,275,2024-05-24,Completed,France,2023-08-24,2024,5,May,2,Friday,2024-05,2024-05-24,0
354,92,2024-08-03,Completed,Spain,2023-09-01,2024,8,August,3,Saturday,2024-08,2024-04-14,111
355,58,2024-01-03,Completed,Morocco,2023-12-05,2024,1,January,1,Wednesday,2024-01,2024-01-03,0
356,229,2024-06-08,Completed,France,2023-04-05,2024,6,June,2,Saturday,2024-06,2024-01-12,148
357,117,2024-08-14,Completed,Spain,2024-04-15,2024,8,August,3,Wednesday,2024-08,2024-04-02,134
358,279,2024-09-25,Completed,Spain,2024-01-25,2024,9,September,3,Wednesday,2024-09,2024-09-25,0
359,127,2024-04-29,Completed,Italy,2023-01-29,2024,4,April,2,Monday,2024-04,2024-02-21,68
360,129,2024-03-29,Completed,France,2024-03-29,2024,3,March,1,Friday,2024-03,2024-01-17,72
361,58,2024-11-24,Completed,Morocco,2023-12-05,2024,11,November,4,Sunday,2024-11,2024-01-03,326
362,122,2024-03-08,Completed,Germany,2023-06-10,2024,3,March,1,Friday,2024-03,2024-03-08,0
363,1,2024-12-22,Completed,Spain,2023-05-15,2024,12,December,4,Sunday,2024-12,2024-01-01,356
364,239,2024-04-07,Completed,Spain,2023-07-13,2024,4,April,2,Sunday,2024-04,2024-01-26,72
365,290,2024-09-23,Completed,Germany,2024-04-02,2024,9,September,3,Monday,2024-09,2024-02-09,227
366,96,2024-04-14,Completed,Germany,2024-01-31,2024,4,April,2,Sunday,2024-04,2024-01-11,94
367,126,2024-11-18,Completed,France,2023-07-24,2024,11,November,4,Monday,2024-11,2024-03-20,243
368,118,2024-05-02,Completed,Morocco,2023-04-19,2024,5,May,2,Thursday,2024-05,2024-01-03,120
369,48,2024-01-29,Completed,Italy,2023-12-24,2024,1,January,1,Monday,2024-01,2024-01-29,0
370,89,2024-05-16,Cancelled,Morocco,2024-03-04,2024,5,May,2,Thursday,2024-05,2024-05-16,0
371,237,2024-07-13,Completed,Italy,2023-06-27,2024,7,July,3,Saturday,2024-07,2024-03-22,113
372,272,2024-08-13,Cancelled,Italy,2023-05-21,2024,8,August,3,Tuesday,2024-08,2024-03-12,154
373,189,2024-11-27,Completed,Germany,2023-06-03,2024,11,November,4,Wednesday,2024-11,2024-01-18,314
374,192,2024-06-18,Completed,Italy,2023-08-10,2024,6,June,2,Tuesday,2024-06,2024-01-12,158
375,69,2024-01-09,Completed,Germany,2024-02-13,2024,1,January,1,Tuesday,2024-01,2024-01-09,0
376,278,2024-02-09,Completed,Spain,2024-03-25,2024,2,February,1,Friday,2024-02,2024-02-09,0
377,247,2024-01-25,Completed,Spain,2024-05-12,2024,1,January,1,Thursday,2024-01,2024-01-25,0
378,76,2024-09-17,Completed,Spain,2023-02-07,2024,9,September,3,Tuesday,2024-09,2024-07-14,65
379,154,2024-08-13,Completed,Morocco,2023-05-27,2024,8,August,3,Tuesday,2024-08,2024-01-10,216
380,144,2024-05-03,Completed,France,2023-06-22,2024,5,May,2,Friday,2024-05,2024-01-09,115
381,86,2024-02-07,Completed,Morocco,2024-02-17,2024,2,February,1,Wednesday,2024-02,2024-02-07,0
382,185,2024-11-23,Completed,France,2023-06-07,2024,11,November,4,Saturday,2024-11,2024-11-23,0
383,285,2024-09-07,Completed,Spain,2023-07-21,2024,9,September,3,Saturday,2024-09,2024-01-26,225
384,220,2024-06-24,Completed,France,2024-01-29,2024,6,June,2,Monday,2024-06,2024-06-14,10
385,69,2024-03-30,Completed,Germany,2024-02-13,2024,3,March,1,Saturday,2024-03,2024-01-09,81
386,47,2024-02-06,Completed,Italy,2024-01-16,2024,2,February,1,Tuesday,2024-02,2024-02-06,0
387,94,2024-11-11,Completed,Germany,2024-04-25,2024,11,November,4,Monday,2024-11,2024-10-25,17
388,238,2024-06-24,Completed,Spain,2024-02-29,2024,6,June,2,Monday,2024-06,2024-06-24,0
389,204,2024-10-10,Returned,Germany,2023-11-25,2024,10,October,4,Thursday,2024-10,2024-10-10,0
390,218,2024-03-21,Returned,Germany,2024-04-12,2024,3,March,1,Thursday,2024-03,2024-03-21,0
391,39,2024-04-23,Completed,Morocco,2024-02-15,2024,4,April,2,Tuesday,2024-04,2024-01-10,104
392,100,2024-02-09,Completed,Italy,2024-02-08,2024,2,February,1,Friday,2024-02,2024-02-06,3
393,289,2024-10-27,Completed,Italy,2023-05-28,2024,10,October,4,Sunday,2024-10,2024-03-22,219
394,254,2024-08-11,Completed,Germany,2023-08-09,2024,8,August,3,Sunday,2024-08,2024-03-26,138
395,222,2024-11-13,Completed,Spain,2023-07-10,2024,11,November,4,Wednesday,2024-11,2024-05-06,191
396,23,2024-12-14,Completed,Spain,2023-04-02,2024,12,December,4,Saturday,2024-12,2024-05-11,217
397,250,2024-04-24,Cancelled,Germany,2023-06-07,2024,4,April,2,Wednesday,2024-04,2024-04-24,0
398,10,2024-07-04,Completed,Italy,2024-01-05,2024,7,July,3,Thursday,2024-07,2024-01-05,181
399,246,2024-11-18,Completed,Germany,2023-09-06,2024,11,November,4,Monday,2024-11,2024-05-19,183
400,100,2024-02-25,Completed,Italy,2024-02-08,2024,2,February,1,Sunday,2024-02,2024-02-06,19
401,290,2024-02-09,Completed,Germany,2024-04-02,2024,2,February,1,Friday,2024-02,2024-02-09,0
402,180,2024-12-19,Completed,Italy,2023-04-03,2024,12,December,4,Thursday,2024-12,2024-04-22,241
403,223,2024-02-09,Completed,Spain,2023-12-15,2024,2,February,1,Friday,2024-02,2024-02-09,0
404,250,2024-12-12,Completed,Germany,2023-06-07,2024,12,December,4,Thursday,2024-12,2024-04-24,232
405,147,2024-08-24,Completed,Germany,2024-05-08,2024,8,August,3,Saturday,2024-08,2024-01-12,225
406,96,2024-10-15,Cancelled,Germany,2024-01-31,2024,10,October,4,Tuesday,2024-10,2024-01-11,278
407,257,2024-09-18,Completed,Italy,2023-09-06,2024,9,September,3,Wednesday,2024-09,2024-05-25,116
408,4,2024-08-03,Completed,France,2023-01-03,2024,8,August,3,Saturday,2024-08,2024-01-16,200
409,16,2024-05-26,Completed,Germany,2024-01-25,2024,5,May,2,Sunday,2024-05,2024-05-26,0
410,280,2024-12-01,Returned,Italy,2023-01-31,2024,12,December,4,Sunday,2024-12,2024-02-08,297
411,247,2024-06-16,Completed,Spain,2024-05-12,2024,6,June,2,Sunday,2024-06,2024-01-25,143
412,258,2024-04-01,Completed,Morocco,2023-10-06,2024,4,April,2,Monday,2024-04,2024-04-01,0
413,160,2024-12-18,Cancelled,France,2023-05-11,2024,12,December,4,Wednesday,2024-12,2024-03-16,277
414,152,2024-02-28,Cancelled,Morocco,2023-09-15,2024,2,February,1,Wednesday,2024-02,2024-02-16,12
415,178,2024-02-28,Completed,France,2023-11-20,2024,2,February,1,Wednesday,2024-02,2024-02-28,0
416,163,2024-10-30,Cancelled,Spain,2023-07-27,2024,10,October,4,Wednesday,2024-10,2024-01-29,275
417,33,2024-06-17,Completed,Italy,2023-04-11,2024,6,June,2,Monday,2024-06,2024-05-07,41
418,179,2024-09-25,Completed,Spain,2023-05-08,2024,9,September,3,Wednesday,2024-09,2024-04-07,171
419,101,2024-12-28,Completed,Germany,2024-01-10,2024,12,December,4,Saturday,2024-12,2024-01-02,361
420,268,2024-02-14,Completed,France,2023-05-10,2024,2,February,1,Wednesday,2024-02,2024-02-14,0
421,65,2024-12-10,Completed,France,2023-08-31,2024,12,December,4,Tuesday,2024-12,2024-08-29,103
422,168,2024-06-29,Completed,France,2024-04-22,2024,6,June,2,Saturday,2024-06,2024-03-15,106
423,43,2024-06-18,Completed,France,2023-06-22,2024,6,June,2,Tuesday,2024-06,2024-06-18,0
424,44,2024-12-21,Completed,France,2023-02-04,2024,12,December,4,Saturday,2024-12,2024-01-07,349
425,285,2024-07-09,Completed,Spain,2023-07-21,2024,7,July,3,Tuesday,2024-07,2024-01-26,165
426,12,2024-06-03,Completed,France,2024-03-11,2024,6,June,2,Monday,2024-06,2024-04-26,38
427,95,2024-07-06,Completed,Spain,2023-11-23,2024,7,July,3,Saturday,2024-07,2024-01-01,187
428,253,2024-01-07,Completed,Morocco,2023-05-19,2024,1,January,1,Sunday,2024-01,2024-01-07,0
429,242,2024-05-12,Completed,France,2023-12-02,2024,5,May,2,Sunday,2024-05,2024-01-12,121
430,35,2024-08-22,Completed,Spain,2023-11-14,2024,8,August,3,Thursday,2024-08,2024-03-28,147
431,215,2024-02-14,Returned,Germany,2024-02-15,2024,2,February,1,Wednesday,2024-02,2024-02-02,12
432,90,2024-11-09,Completed,Italy,2023-08-23,2024,11,November,4,Saturday,2024-11,2024-01-23,291
433,264,2024-09-05,Completed,France,2023-01-02,2024,9,September,3,Thursday,2024-09,2024-03-02,187
434,93,2024-01-31,Completed,Germany,2023-12-24,2024,1,January,1,Wednesday,2024-01,2024-01-31,0
435,90,2024-01-23,Completed,Italy,2023-08-23,2024,1,January,1,Tuesday,2024-01,2024-01-23,0
436,115,2024-06-08,Completed,Italy,2023-12-22,2024,6,June,2,Saturday,2024-06,2024-06-08,0
437,105,2024-12-28,Returned,France,2023-03-08,2024,12,December,4,Saturday,2024-12,2024-12-24,4
438,196,2024-06-06,Completed,Spain,2023-09-16,2024,6,June,2,Thursday,2024-06,2024-02-16,111
439,114,2024-02-08,Completed,Morocco,2023-05-22,2024,2,February,1,Thursday,2024-02,2024-02-08,0
440,75,2024-03-22,Completed,Spain,2023-07-03,2024,3,March,1,Friday,2024-03,2024-01-12,70
441,217,2024-12-21,Completed,Italy,2023-02-01,2024,12,December,4,Saturday,2024-12,2024-04-01,264
442,277,2024-09-14,Completed,Germany,2023-07-19,2024,9,September,3,Saturday,2024-09,2024-01-15,243
443,249,2024-07-24,Completed,Italy,2023-06-02,2024,7,July,3,Wednesday,2024-07,2024-07-24,0
444,164,2024-03-17,Completed,Germany,2024-03-25,2024,3,March,1,Sunday,2024-03,2024-01-15,62
445,192,2024-01-12,Completed,Italy,2023-08-10,2024,1,January,1,Friday,2024-01,2024-01-12,0
446,227,2024-10-21,Completed,Spain,2023-09-21,2024,10,October,4,Monday,2024-10,2024-06-01,142
447,177,2024-08-11,Returned,Spain,2024-02-27,2024,8,August,3,Sunday,2024-08,2024-03-12,152
448,99,2024-01-13,Completed,Italy,2024-01-09,2024,1,January,1,Saturday,2024-01,2024-01-13,0
449,36,2024-02-15,Completed,Italy,2024-01-03,2024,2,February,1,Thursday,2024-02,2024-02-15,0
450,96,2024-06-03,Completed,Germany,2024-01-31,2024,6,June,2,Monday,2024-06,2024-01-11,144
451,152,2024-04-22,Completed,Morocco,2023-09-15,2024,4,April,2,Monday,2024-04,2024-02-16,66
452,151,2024-08-20,Cancelled,Germany,2023-06-06,2024,8,August,3,Tuesday,2024-08,2024-02-26,176
453,190,2024-01-17,Completed,Spain,2023-10-20,2024,1,January,1,Wednesday,2024-01,2024-01-08,9
454,224,2024-12-25,Completed,France,2023-06-12,2024,12,December,4,Wednesday,2024-12,2024-01-02,358
455,37,2024-08-10,Returned,Italy,2023-08-29,2024,8,August,3,Saturday,2024-08,2024-08-02,8
456,268,2024-12-19,Completed,France,2023-05-10,2024,12,December,4,Thursday,2024-12,2024-02-14,309
457,183,2024-07-06,Returned,Italy,2023-02-24,2024,7,July,3,Saturday,2024-07,2024-07-06,0
458,13,2024-12-09,Completed,Italy,2024-02-10,2024,12,December,4,Monday,2024-12,2024-06-01,191
459,279,2024-12-30,Completed,Spain,2024-01-25,2024,12,December,4,Monday,2024-12,2024-09-25,96
460,217,2024-06-11,Completed,Italy,2023-02-01,2024,6,June,2,Tuesday,2024-06,2024-04-01,71
461,286,2024-11-21,Completed,Spain,2023-10-06,2024,11,November,4,Thursday,2024-11,2024-01-04,322
462,273,2024-03-14,Returned,Germany,2023-08-16,2024,3,March,1,Thursday,2024-03,2024-03-13,1
463,62,2024-08-20,Completed,Spain,2023-05-07,2024,8,August,3,Tuesday,2024-08,2024-03-13,160
464,84,2024-08-11,Completed,France,2023-04-06,2024,8,August,3,Sunday,2024-08,2024-06-18,54
465,217,2024-11-14,Completed,Italy,2023-02-01,2024,11,November,4,Thursday,2024-11,2024-04-01,227
466,187,2024-02-29,Completed,Morocco,2024-02-14,2024,2,February,1,Thursday,2024-02,2024-02-29,0
467,19,2024-11-30,Completed,Germany,2024-01-30,2024,11,November,4,Saturday,2024-11,2024-06-10,173
468,177,2024-08-09,Returned,Spain,2024-02-27,2024,8,August,3,Friday,2024-08,2024-03-12,150
469,100,2024-02-06,Completed,Italy,2024-02-08,2024,2,February,1,Tuesday,2024-02,2024-02-06,0
470,233,2024-10-04,Completed,Spain,2023-05-29,2024,10,October,4,Friday,2024-10,2024-01-25,253
471,76,2024-07-14,Completed,Spain,2023-02-07,2024,7,July,3,Sunday,2024-07,2024-07-14,0
472,265,2024-12-17,Completed,Italy,2023-03-29,2024,12,December,4,Tuesday,2024-12,2024-01-26,326
473,284,2024-08-29,Completed,Morocco,2023-08-22,2024,8,August,3,Thursday,2024-08,2024-06-16,74
474,206,2024-11-19,Completed,Spain,2023-12-28,2024,11,November,4,Tuesday,2024-11,2024-03-28,236
475,223,2024-08-06,Cancelled,Spain,2023-12-15,2024,8,August,3,Tuesday,2024-08,2024-02-09,179
476,52,2024-07-10,Completed,France,2023-01-21,2024,7,July,3,Wednesday,2024-07,2024-05-25,46
477,144,2024-01-17,Completed,France,2023-06-22,2024,1,January,1,Wednesday,2024-01,2024-01-09,8
478,69,2024-01-12,Completed,Germany,2024-02-13,2024,1,January,1,Friday,2024-01,2024-01-09,3
479,99,2024-07-11,Cancelled,Italy,2024-01-09,2024,7,July,3,Thursday,2024-07,2024-01-13,180
480,25,2024-01-22,Completed,Italy,2023-01-31,2024,1,January,1,Monday,2024-01,2024-01-22,0
481,53,2024-04-29,Completed,France,2023-11-04,2024,4,April,2,Monday,2024-04,2024-01-02,118
482,151,2024-07-28,Completed,Germany,2023-06-06,2024,7,July,3,Sunday,2024-07,2024-02-26,153
483,144,2024-11-01,Completed,France,2023-06-22,2024,11,November,4,Friday,2024-11,2024-01-09,297
484,57,2024-09-26,Completed,Italy,2023-11-03,2024,9,September,3,Thursday,2024-09,2024-09-26,0
485,39,2024-07-10,Completed,Morocco,2024-02-15,2024,7,July,3,Wednesday,2024-07,2024-01-10,182
486,109,2024-06-23,Completed,Italy,2023-09-02,2024,6,June,2,Sunday,2024-06,2024-06-19,4
487,181,2024-10-11,Completed,Spain,2023-10-27,2024,10,October,4,Friday,2024-10,2024-10-11,0
488,42,2024-07-22,Returned,Italy,2024-01-07,2024,7,July,3,Monday,2024-07,2024-04-07,106
489,186,2024-06-12,Cancelled,Germany,2023-01-29,2024,6,June,2,Wednesday,2024-06,2024-03-12,92
490,223,2024-09-07,Completed,Spain,2023-12-15,2024,9,September,3,Saturday,2024-09,2024-02-09,211
491,122,2024-08-14,Completed,Germany,2023-06-10,2024,8,August,3,Wednesday,2024-08,2024-03-08,159
492,133,2024-01-07,Completed,Germany,2023-05-31,2024,1,January,1,Sunday,2024-01,2024-01-07,0
493,163,2024-01-29,Completed,Spain,2023-07-27,2024,1,January,1,Monday,2024-01,2024-01-29,0
494,215,2024-02-02,Completed,Germany,2024-02-15,2024,2,February,1,Friday,2024-02,2024-02-02,0
495,221,2024-05-13,Completed,Germany,2023-09-26,2024,5,May,2,Monday,2024-05,2024-05-13,0
496,235,2024-03-19,Completed,France,2023-09-24,2024,3,March,1,Tuesday,2024-03,2024-03-19,0
497,146,2024-02-27,Cancelled,Morocco,2023-06-21,2024,2,February,1,Tuesday,2024-02,2024-01-01,57
498,239,2024-01-26,Completed,Spain,2023-07-13,2024,1,January,1,Friday,2024-01,2024-01-26,0
499,76,2024-08-13,Completed,Spain,2023-02-07,2024,8,August,3,Tuesday,2024-08,2024-07-14,30
500,9,2024-10-11,Completed,Morocco,2023-08-09,2024,10,October,4,Friday,2024-10,2024-07-18,85
501,74,2024-01-04,Completed,Morocco,2023-08-23,2024,1,January,1,Thursday,2024-01,2024-01-04,0
502,253,2024-04-08,Completed,Morocco,2023-05-19,2024,4,April,2,Monday,2024-04,2024-01-07,92
503,230,2024-02-08,Completed,Morocco,2023-02-10,2024,2,February,1,Thursday,2024-02,2024-02-08,0
504,7,2024-09-27,Completed,Spain,2024-04-07,2024,9,September,3,Friday,2024-09,2024-08-18,40
505,174,2024-10-11,Completed,Italy,2023-08-09,2024,10,October,4,Friday,2024-10,2024-05-21,143
506,141,2024-06-05,Completed,Germany,2024-05-11,2024,6,June,2,Wednesday,2024-06,2024-02-19,107
507,168,2024-03-15,Completed,France,2024-04-22,2024,3,March,1,Friday,2024-03,2024-03-15,0
508,170,2024-10-14,Cancelled,Morocco,2023-09-07,2024,10,October,4,Monday,2024-10,2024-03-01,227
509,283,2024-05-09,Cancelled,Italy,2023-01-21,2024,5,May,2,Thursday,2024-05,2024-03-04,66
510,122,2024-06-23,Cancelled,Germany,2023-06-10,2024,6,June,2,Sunday,2024-06,2024-03-08,107
511,194,2024-03-24,Completed,Morocco,2024-03-12,2024,3,March,1,Sunday,2024-03,2024-01-07,77
512,5,2024-01-22,Completed,Italy,2024-02-05,2024,1,January,1,Monday,2024-01,2024-01-22,0
513,29,2024-01-27,Returned,Germany,2023-07-26,2024,1,January,1,Saturday,2024-01,2024-01-17,10
514,165,2024-07-13,Completed,Italy,2023-04-05,2024,7,July,3,Saturday,2024-07,2024-07-13,0
515,136,2024-12-02,Completed,Spain,2023-07-01,2024,12,December,4,Monday,2024-12,2024-06-01,184
516,145,2024-08-23,Completed,France,2023-06-07,2024,8,August,3,Friday,2024-08,2024-08-04,19
517,217,2024-04-01,Completed,Italy,2023-02-01,2024,4,April,2,Monday,2024-04,2024-04-01,0
518,132,2024-01-21,Returned,Germany,2023-10-07,2024,1,January,1,Sunday,2024-01,2024-01-21,0
519,292,2024-10-29,Completed,Germany,2023-12-27,2024,10,October,4,Tuesday,2024-10,2024-04-09,203
520,70,2024-12-22,Completed,Morocco,2023-08-03,2024,12,December,4,Sunday,2024-12,2024-01-20,337
521,252,2024-03-24,Completed,Germany,2023-12-28,2024,3,March,1,Sunday,2024-03,2024-01-11,73
522,275,2024-09-18,Completed,France,2023-08-24,2024,9,September,3,Wednesday,2024-09,2024-05-24,117
523,182,2024-05-26,Cancelled,Italy,2023-05-13,2024,5,May,2,Sunday,2024-05,2024-05-11,15
524,167,2024-09-13,Completed,Morocco,2023-11-23,2024,9,September,3,Friday,2024-09,2024-09-05,8
525,91,2024-02-27,Completed,Italy,2023-12-15,2024,2,February,1,Tuesday,2024-02,2024-02-27,0
526,202,2024-01-15,Returned,Spain,2023-02-18,2024,1,January,1,Monday,2024-01,2024-01-15,0
527,19,2024-06-10,Completed,Germany,2024-01-30,2024,6,June,2,Monday,2024-06,2024-06-10,0
528,39,2024-06-11,Completed,Morocco,2024-02-15,2024,6,June,2,Tuesday,2024-06,2024-01-10,153
529,126,2024-11-15,Completed,France,2023-07-24,2024,11,November,4,Friday,2024-11,2024-03-20,240
530,173,2024-10-07,Completed,Morocco,2024-04-28,2024,10,October,4,Monday,2024-10,2024-01-27,254
531,141,2024-10-06,Completed,Germany,2024-05-11,2024,10,October,4,Sunday,2024-10,2024-02-19,230
532,242,2024-01-12,Completed,France,2023-12-02,2024,1,January,1,Friday,2024-01,2024-01-12,0
533,220,2024-09-30,Completed,France,2024-01-29,2024,9,September,3,Monday,2024-09,2024-06-14,108
534,126,2024-09-27,Completed,France,2023-07-24,2024,9,September,3,Friday,2024-09,2024-03-20,191
535,58,2024-07-26,Returned,Morocco,2023-12-05,2024,7,July,3,Friday,2024-07,2024-01-03,205
536,148,2024-01-27,Completed,Morocco,2024-04-02,2024,1,January,1,Saturday,2024-01,2024-01-27,0
537,1,2024-03-12,Completed,Spain,2023-05-15,2024,3,March,1,Tuesday,2024-03,2024-01-01,71
538,190,2024-02-29,Completed,Spain,2023-10-20,2024,2,February,1,Thursday,2024-02,2024-01-08,52
539,191,2024-05-24,Completed,Italy,2024-04-19,2024,5,May,2,Friday,2024-05,2024-05-24,0
540,117,2024-04-02,Completed,Spain,2024-04-15,2024,4,April,2,Tuesday,2024-04,2024-04-02,0
541,134,2024-11-04,Cancelled,Italy,2023-08-28,2024,11,November,4,Monday,2024-11,2024-05-03,185
542,58,2024-01-08,Returned,Morocco,2023-12-05,2024,1,January,1,Monday,2024-01,2024-01-03,5
543,44,2024-03-19,Completed,France,2023-02-04,2024,3,March,1,Tuesday,2024-03,2024-01-07,72
544,173,2024-01-27,Returned,Morocco,2024-04-28,2024,1,January,1,Saturday,2024-01,2024-01-27,0
545,160,2024-06-22,Completed,France,2023-05-11,2024,6,June,2,Saturday,2024-06,2024-03-16,98
546,173,2024-02-19,Completed,Morocco,2024-04-28,2024,2,February,1,Monday,2024-02,2024-01-27,23
547,149,2024-07-17,Completed,Germany,2023-11-07,2024,7,July,3,Wednesday,2024-07,2024-07-17,0
548,80,2024-12-14,Cancelled,Morocco,2023-09-14,2024,12,December,4,Saturday,2024-12,2024-12-14,0
549,213,2024-06-29,Completed,France,2024-04-27,2024,6,June,2,Saturday,2024-06,2024-03-30,91
550,203,2024-01-24,Completed,Spain,2024-01-12,2024,1,January,1,Wednesday,2024-01,2024-01-24,0
551,252,2024-11-11,Completed,Germany,2023-12-28,2024,11,November,4,Monday,2024-11,2024-01-11,305
552,229,2024-02-15,Completed,France,2023-04-05,2024,2,February,1,Thursday,2024-02,2024-01-12,34
553,164,2024-01-15,Completed,Germany,2024-03-25,2024,1,January,1,Monday,2024-01,2024-01-15,0
554,227,2024-06-01,Cancelled,Spain,2023-09-21,2024,6,June,2,Saturday,2024-06,2024-06-01,0
555,147,2024-08-09,Cancelled,Germany,2024-05-08,2024,8,August,3,Friday,2024-08,2024-01-12,210
556,20,2024-07-24,Completed,France,2024-04-18,2024,7,July,3,Wednesday,2024-07,2024-01-11,195
557,47,2024-09-29,Returned,Italy,2024-01-16,2024,9,September,3,Sunday,2024-09,2024-02-06,236
558,233,2024-08-23,Completed,Spain,2023-05-29,2024,8,August,3,Friday,2024-08,2024-01-25,211
559,14,2024-12-05,Returned,Italy,2023-01-04,2024,12,December,4,Thursday,2024-12,2024-03-07,273
560,143,2024-08-15,Completed,Italy,2023-08-24,2024,8,August,3,Thursday,2024-08,2024-01-19,209
561,1,2024-01-09,Completed,Spain,2023-05-15,2024,1,January,1,Tuesday,2024-01,2024-01-01,8
562,54,2024-06-14,Completed,Morocco,2023-06-12,2024,6,June,2,Friday,2024-06,2024-01-22,144
563,259,2024-11-14,Cancelled,Spain,2024-03-15,2024,11,November,4,Thursday,2024-11,2024-04-15,213
564,144,2024-08-01,Completed,France,2023-06-22,2024,8,August,3,Thursday,2024-08,2024-01-09,205
565,12,2024-04-26,Completed,France,2024-03-11,2024,4,April,2,Friday,2024-04,2024-04-26,0
566,224,2024-12-09,Completed,France,2023-06-12,2024,12,December,4,Monday,2024-12,2024-01-02,342
567,272,2024-03-12,Completed,Italy,2023-05-21,2024,3,March,1,Tuesday,2024-03,2024-03-12,0
568,156,2024-03-04,Completed,Italy,2023-06-03,2024,3,March,1,Monday,2024-03,2024-03-04,0
569,8,2024-07-23,Completed,France,2023-04-20,2024,7,July,3,Tuesday,2024-07,2024-03-27,118
570,122,2024-07-27,Cancelled,Germany,2023-06-10,2024,7,July,3,Saturday,2024-07,2024-03-08,141
571,164,2024-03-12,Completed,Germany,2024-03-25,2024,3,March,1,Tuesday,2024-03,2024-01-15,57
572,90,2024-10-03,Completed,Italy,2023-08-23,2024,10,October,4,Thursday,2024-10,2024-01-23,254
573,136,2024-09-30,Completed,Spain,2023-07-01,2024,9,September,3,Monday,2024-09,2024-06-01,121
574,186,2024-11-15,Cancelled,Germany,2023-01-29,2024,11,November,4,Friday,2024-11,2024-03-12,248
575,178,2024-12-03,Cancelled,France,2023-11-20,2024,12,December,4,Tuesday,2024-12,2024-02-28,279
576,28,2024-04-04,Completed,Morocco,2024-02-04,2024,4,April,2,Thursday,2024-04,2024-04-04,0
577,220,2024-06-14,Completed,France,2024-01-29,2024,6,June,2,Friday,2024-06,2024-06-14,0
578,41,2024-02-01,Completed,Spain,2023-06-12,2024,2,February,1,Thursday,2024-02,2024-02-01,0
579,228,2024-01-11,Completed,Germany,2023-10-12,2024,1,January,1,Thursday,2024-01,2024-01-11,0
580,192,2024-10-27,Cancelled,Italy,2023-08-10,2024,10,October,4,Sunday,2024-10,2024-01-12,289
581,145,2024-08-04,Completed,France,2023-06-07,2024,8,August,3,Sunday,2024-08,2024-08-04,0
582,201,2024-10-15,Completed,France,2024-01-16,2024,10,October,4,Tuesday,2024-10,2024-02-28,230
583,212,2024-04-11,Completed,Morocco,2023-08-09,2024,4,April,2,Thursday,2024-04,2024-04-11,0
584,220,2024-09-23,Cancelled,France,2024-01-29,2024,9,September,3,Monday,2024-09,2024-06-14,101
585,240,2024-08-01,Completed,France,2024-04-26,2024,8,August,3,Thursday,2024-08,2024-01-25,189
586,46,2024-06-27,Completed,Italy,2023-12-25,2024,6,June,2,Thursday,2024-06,2024-06-27,0
587,35,2024-03-28,Completed,Spain,2023-11-14,2024,3,March,1,Thursday,2024-03,2024-03-28,0
588,253,2024-02-10,Cancelled,Morocco,2023-05-19,2024,2,February,1,Saturday,2024-02,2024-01-07,34
589,82,2024-03-16,Completed,Spain,2023-01-01,2024,3,March,1,Saturday,2024-03,2024-03-16,0
590,256,2024-02-15,Completed,Germany,2023-06-03,2024,2,February,1,Thursday,2024-02,2024-02-15,0
591,197,2024-06-08,Completed,Italy,2023-09-08,2024,6,June,2,Saturday,2024-06,2024-05-01,38
592,10,2024-03-20,Completed,Italy,2024-01-05,2024,3,March,1,Wednesday,2024-03,2024-01-05,75
593,286,2024-11-05,Completed,Spain,2023-10-06,2024,11,November,4,Tuesday,2024-11,2024-01-04,306
594,242,2024-03-26,Completed,France,2023-12-02,2024,3,March,1,Tuesday,2024-03,2024-01-12,74
595,251,2024-04-01,Completed,Morocco,2024-04-10,2024,4,April,2,Monday,2024-04,2024-04-01,0
596,5,2024-05-27,Completed,Italy,2024-02-05,2024,5,May,2,Monday,2024-05,2024-01-22,126
597,119,2024-06-09,Completed,Spain,2024-01-11,2024,6,June,2,Sunday,2024-06,2024-06-09,0
598,289,2024-07-20,Cancelled,Italy,2023-05-28,2024,7,July,3,Saturday,2024-07,2024-03-22,120
599,65,2024-08-29,Completed,France,2023-08-31,2024,8,August,3,Thursday,2024-08,2024-08-29,0
600,146,2024-12-18,Returned,Morocco,2023-06-21,2024,12,December,4,Wednesday,2024-12,2024-01-01,352
601,224,2024-01-02,Completed,France,2023-06-12,2024,1,January,1,Tuesday,2024-01,2024-01-02,0
602,239,2024-08-12,Completed,Spain,2023-07-13,2024,8,August,3,Monday,2024-08,2024-01-26,199
603,177,2024-10-15,Completed,Spain,2024-02-27,2024,10,October,4,Tuesday,2024-10,2024-03-12,217
604,267,2024-08-20,Completed,Spain,2024-02-15,2024,8,August,3,Tuesday,2024-08,2024-05-21,91
605,282,2024-03-17,Completed,France,2024-05-06,2024,3,March,1,Sunday,2024-03,2024-03-17,0
606,63,2024-04-25,Completed,Spain,2024-03-03,2024,4,April,2,Thursday,2024-04,2024-01-09,107
607,217,2024-06-02,Completed,Italy,2023-02-01,2024,6,June,2,Sunday,2024-06,2024-04-01,62
608,283,2024-04-12,Cancelled,Italy,2023-01-21,2024,4,April,2,Friday,2024-04,2024-03-04,39
609,177,2024-07-12,Completed,Spain,2024-02-27,2024,7,July,3,Friday,2024-07,2024-03-12,122
610,98,2024-06-14,Cancelled,Morocco,2024-02-20,2024,6,June,2,Friday,2024-06,2024-02-24,111
611,105,2024-12-24,Completed,France,2023-03-08,2024,12,December,4,Tuesday,2024-12,2024-12-24,0
612,99,2024-03-30,Completed,Italy,2024-01-09,2024,3,March,1,Saturday,2024-03,2024-01-13,77
613,6,2024-06-22,Completed,Italy,2023-07-13,2024,6,June,2,Saturday,2024-06,2024-01-12,162
614,197,2024-05-01,Completed,Italy,2023-09-08,2024,5,May,2,Wednesday,2024-05,2024-05-01,0
615,133,2024-05-22,Completed,Germany,2023-05-31,2024,5,May,2,Wednesday,2024-05,2024-01-07,136
616,259,2024-04-15,Completed,Spain,2024-03-15,2024,4,April,2,Monday,2024-04,2024-04-15,0
617,23,2024-10-31,Completed,Spain,2023-04-02,2024,10,October,4,Thursday,2024-10,2024-05-11,173
618,53,2024-12-25,Completed,France,2023-11-04,2024,12,December,4,Wednesday,2024-12,2024-01-02,358
619,165,2024-11-12,Completed,Italy,2023-04-05,2024,11,November,4,Tuesday,2024-11,2024-07-13,122
620,202,2024-05-02,Returned,Spain,2023-02-18,2024,5,May,2,Thursday,2024-05,2024-01-15,108
621,83,2024-01-09,Cancelled,Italy,2023-02-18,2024,1,January,1,Tuesday,2024-01,2024-01-09,0
622,145,2024-09-18,Completed,France,2023-06-07,2024,9,September,3,Wednesday,2024-09,2024-08-04,45
623,85,2024-03-13,Completed,Germany,2023-07-20,2024,3,March,1,Wednesday,2024-03,2024-03-13,0
624,78,2024-12-24,Completed,Spain,2023-07-14,2024,12,December,4,Tuesday,2024-12,2024-03-03,296
625,1,2024-08-10,Completed,Spain,2023-05-15,2024,8,August,3,Saturday,2024-08,2024-01-01,222
626,51,2024-02-10,Returned,Germany,2024-02-03,2024,2,February,1,Saturday,2024-02,2024-02-10,0
627,173,2024-07-22,Completed,Morocco,2024-04-28,2024,7,July,3,Monday,2024-07,2024-01-27,177
628,205,2024-09-20,Completed,Morocco,2023-10-24,2024,9,September,3,Friday,2024-09,2024-02-28,205
629,260,2024-11-23,Completed,Italy,2024-03-11,2024,11,November,4,Saturday,2024-11,2024-06-30,146
630,288,2024-06-26,Completed,France,2024-02-20,2024,6,June,2,Wednesday,2024-06,2024-05-25,32
631,34,2024-12-13,Completed,Morocco,2024-01-03,2024,12,December,4,Friday,2024-12,2024-04-30,227
632,95,2024-11-13,Cancelled,Spain,2023-11-23,2024,11,November,4,Wednesday,2024-11,2024-01-01,317
633,72,2024-03-24,Completed,France,2023-10-30,2024,3,March,1,Sunday,2024-03,2024-01-19,65
634,39,2024-11-13,Completed,Morocco,2024-02-15,2024,11,November,4,Wednesday,2024-11,2024-01-10,308
635,154,2024-04-20,Returned,Morocco,2023-05-27,2024,4,April,2,Saturday,2024-04,2024-01-10,101
636,250,2024-09-07,Completed,Germany,2023-06-07,2024,9,September,3,Saturday,2024-09,2024-04-24,136
637,162,2024-01-07,Completed,Italy,2023-09-12,2024,1,January,1,Sunday,2024-01,2024-01-07,0
638,118,2024-03-24,Completed,Morocco,2023-04-19,2024,3,March,1,Sunday,2024-03,2024-01-03,81
639,259,2024-07-26,Completed,Spain,2024-03-15,2024,7,July,3,Friday,2024-07,2024-04-15,102
640,268,2024-11-09,Returned,France,2023-05-10,2024,11,November,4,Saturday,2024-11,2024-02-14,269
641,54,2024-01-22,Completed,Morocco,2023-06-12,2024,1,January,1,Monday,2024-01,2024-01-22,0
642,236,2024-01-03,Cancelled,Morocco,2023-01-02,2024,1,January,1,Wednesday,2024-01,2024-01-03,0
643,222,2024-05-06,Completed,Spain,2023-07-10,2024,5,May,2,Monday,2024-05,2024-05-06,0
644,251,2024-10-23,Returned,Morocco,2024-04-10,2024,10,October,4,Wednesday,2024-10,2024-04-01,205
645,112,2024-07-06,Completed,Germany,2024-04-25,2024,7,July,3,Saturday,2024-07,2024-07-06,0
646,255,2024-12-27,Cancelled,France,2023-09-30,2024,12,December,4,Friday,2024-12,2024-01-04,358
647,207,2024-01-14,Completed,Germany,2023-03-18,2024,1,January,1,Sunday,2024-01,2024-01-02,12
648,229,2024-01-12,Returned,France,2023-04-05,2024,1,January,1,Friday,2024-01,2024-01-12,0
649,66,2024-03-27,Completed,Spain,2023-12-15,2024,3,March,1,Wednesday,2024-03,2024-01-27,60
650,75,2024-01-12,Completed,Spain,2023-07-03,2024,1,January,1,Friday,2024-01,2024-01-12,0
651,103,2024-01-25,Cancelled,Italy,2023-03-22,2024,1,January,1,Thursday,2024-01,2024-01-25,0
652,192,2024-10-27,Completed,Italy,2023-08-10,2024,10,October,4,Sunday,2024-10,2024-01-12,289
653,252,2024-08-30,Cancelled,Germany,2023-12-28,2024,8,August,3,Friday,2024-08,2024-01-11,232
654,226,2024-05-01,Completed,Morocco,2024-03-13,2024,5,May,2,Wednesday,2024-05,2024-02-08,83
655,294,2024-05-26,Completed,France,2024-01-06,2024,5,May,2,Sunday,2024-05,2024-02-05,111
656,98,2024-02-24,Completed,Morocco,2024-02-20,2024,2,February,1,Saturday,2024-02,2024-02-24,0
657,286,2024-08-25,Completed,Spain,2023-10-06,2024,8,August,3,Sunday,2024-08,2024-01-04,234
658,249,2024-12-21,Completed,Italy,2023-06-02,2024,12,December,4,Saturday,2024-12,2024-07-24,150
659,166,2024-06-21,Completed,Morocco,2023-12-14,2024,6,June,2,Friday,2024-06,2024-06-21,0
660,30,2024-08-08,Completed,Germany,2023-04-17,2024,8,August,3,Thursday,2024-08,2024-08-08,0
661,247,2024-04-28,Completed,Spain,2024-05-12,2024,4,April,2,Sunday,2024-04,2024-01-25,94
662,106,2024-11-04,Completed,France,2023-05-09,2024,11,November,4,Monday,2024-11,2024-01-27,282
663,51,2024-07-01,Completed,Germany,2024-02-03,2024,7,July,3,Monday,2024-07,2024-02-10,142
664,81,2024-10-14,Completed,Spain,2023-05-15,2024,10,October,4,Monday,2024-10,2024-03-18,210
665,133,2024-11-02,Completed,Germany,2023-05-31,2024,11,November,4,Saturday,2024-11,2024-01-07,300
666,285,2024-10-26,Completed,Spain,2023-07-21,2024,10,October,4,Saturday,2024-10,2024-01-26,274
667,138,2024-03-22,Returned,Morocco,2024-02-29,2024,3,March,1,Friday,2024-03,2024-03-22,0
668,184,2024-07-29,Cancelled,France,2024-04-21,2024,7,July,3,Monday,2024-07,2024-04-26,94
669,273,2024-05-29,Completed,Germany,2023-08-16,2024,5,May,2,Wednesday,2024-05,2024-03-13,77
670,69,2024-02-06,Completed,Germany,2024-02-13,2024,2,February,1,Tuesday,2024-02,2024-01-09,28
671,34,2024-12-17,Cancelled,Morocco,2024-01-03,2024,12,December,4,Tuesday,2024-12,2024-04-30,231
672,262,2024-11-07,Completed,Morocco,2023-10-03,2024,11,November,4,Thursday,2024-11,2024-08-02,97
673,53,2024-12-26,Completed,France,2023-11-04,2024,12,December,4,Thursday,2024-12,2024-01-02,359
674,205,2024-02-28,Completed,Morocco,2023-10-24,2024,2,February,1,Wednesday,2024-02,2024-02-28,0
675,126,2024-05-10,Completed,France,2023-07-24,2024,5,May,2,Friday,2024-05,2024-03-20,51
676,235,2024-07-20,Completed,France,2023-09-24,2024,7,July,3,Saturday,2024-07,2024-03-19,123
677,43,2024-08-30,Completed,France,2023-06-22,2024,8,August,3,Friday,2024-08,2024-06-18,73
678,240,2024-02-04,Returned,France,2024-04-26,2024,2,February,1,Sunday,2024-02,2024-01-25,10
679,111,2024-04-02,Cancelled,France,2023-06-17,2024,4,April,2,Tuesday,2024-04,2024-03-16,17
680,249,2024-07-25,Completed,Italy,2023-06-02,2024,7,July,3,Thursday,2024-07,2024-07-24,1
681,151,2024-12-18,Completed,Germany,2023-06-06,2024,12,December,4,Wednesday,2024-12,2024-02-26,296
682,183,2024-11-27,Cancelled,Italy,2023-02-24,2024,11,November,4,Wednesday,2024-11,2024-07-06,144
683,95,2024-10-31,Completed,Spain,2023-11-23,2024,10,October,4,Thursday,2024-10,2024-01-01,304
684,8,2024-12-15,Completed,France,2023-04-20,2024,12,December,4,Sunday,2024-12,2024-03-27,263
685,184,2024-07-31,Completed,France,2024-04-21,2024,7,July,3,Wednesday,2024-07,2024-04-26,96
686,281,2024-06-07,Returned,France,2023-05-18,2024,6,June,2,Friday,2024-06,2024-06-07,0
687,195,2024-01-24,Completed,Spain,2023-06-07,2024,1,January,1,Wednesday,2024-01,2024-01-24,0
688,195,2024-10-19,Cancelled,Spain,2023-06-07,2024,10,October,4,Saturday,2024-10,2024-01-24,269
689,155,2024-01-04,Cancelled,France,2024-01-26,2024,1,January,1,Thursday,2024-01,2024-01-04,0
690,93,2024-08-07,Completed,Germany,2023-12-24,2024,8,August,3,Wednesday,2024-08,2024-01-31,189
691,160,2024-12-29,Completed,France,2023-05-11,2024,12,December,4,Sunday,2024-12,2024-03-16,288
692,61,2024-01-20,Completed,Germany,2023-11-29,2024,1,January,1,Saturday,2024-01,2024-01-20,0
693,122,2024-05-31,Completed,Germany,2023-06-10,2024,5,May,2,Friday,2024-05,2024-03-08,84
694,51,2024-02-19,Completed,Germany,2024-02-03,2024,2,February,1,Monday,2024-02,2024-02-10,9
695,277,2024-06-25,Completed,Germany,2023-07-19,2024,6,June,2,Tuesday,2024-06,2024-01-15,162
696,5,2024-04-05,Completed,Italy,2024-02-05,2024,4,April,2,Friday,2024-04,2024-01-22,74
697,92,2024-04-14,Cancelled,Spain,2023-09-01,2024,4,April,2,Sunday,2024-04,2024-04-14,0
698,170,2024-09-06,Completed,Morocco,2023-09-07,2024,9,September,3,Friday,2024-09,2024-03-01,189
699,22,2024-04-26,Completed,Italy,2023-08-04,2024,4,April,2,Friday,2024-04,2024-04-17,9
700,1,2024-12-19,Completed,Spain,2023-05-15,2024,12,December,4,Thursday,2024-12,2024-01-01,353
701,133,2024-08-15,Completed,Germany,2023-05-31,2024,8,August,3,Thursday,2024-08,2024-01-07,221
702,233,2024-03-06,Completed,Spain,2023-05-29,2024,3,March,1,Wednesday,2024-03,2024-01-25,41
703,12,2024-11-30,Completed,France,2024-03-11,2024,11,November,4,Saturday,2024-11,2024-04-26,218
704,46,2024-09-18,Completed,Italy,2023-12-25,2024,9,September,3,Wednesday,2024-09,2024-06-27,83
705,34,2024-10-21,Completed,Morocco,2024-01-03,2024,10,October,4,Monday,2024-10,2024-04-30,174
706,78,2024-08-30,Completed,Spain,2023-07-14,2024,8,August,3,Friday,2024-08,2024-03-03,180
707,218,2024-07-04,Completed,Germany,2024-04-12,2024,7,July,3,Thursday,2024-07,2024-03-21,105
708,73,2024-09-02,Completed,Germany,2024-04-08,2024,9,September,3,Monday,2024-09,2024-09-02,0
709,282,2024-05-04,Returned,France,2024-05-06,2024,5,May,2,Saturday,2024-05,2024-03-17,48
710,249,2024-09-24,Completed,Italy,2023-06-02,2024,9,September,3,Tuesday,2024-09,2024-07-24,62
711,47,2024-05-10,Completed,Italy,2024-01-16,2024,5,May,2,Friday,2024-05,2024-02-06,94
712,121,2024-08-24,Completed,Germany,2024-01-25,2024,8,August,3,Saturday,2024-08,2024-05-09,107
713,214,2024-01-18,Completed,Italy,2023-04-01,2024,1,January,1,Thursday,2024-01,2024-01-18,0
714,239,2024-02-09,Completed,Spain,2023-07-13,2024,2,February,1,Friday,2024-02,2024-01-26,14
715,56,2024-01-21,Completed,Italy,2023-04-07,2024,1,January,1,Sunday,2024-01,2024-01-21,0
716,107,2024-08-12,Completed,Italy,2024-01-05,2024,8,August,3,Monday,2024-08,2024-05-23,81
717,48,2024-12-20,Completed,Italy,2023-12-24,2024,12,December,4,Friday,2024-12,2024-01-29,326
718,61,2024-10-08,Completed,Germany,2023-11-29,2024,10,October,4,Tuesday,2024-10,2024-01-20,262
719,26,2024-01-08,Completed,Spain,2023-07-24,2024,1,January,1,Monday,2024-01,2024-01-08,0
720,292,2024-04-09,Completed,Germany,2023-12-27,2024,4,April,2,Tuesday,2024-04,2024-04-09,0
721,257,2024-08-27,Returned,Italy,2023-09-06,2024,8,August,3,Tuesday,2024-08,2024-05-25,94
722,8,2024-03-27,Completed,France,2023-04-20,2024,3,March,1,Wednesday,2024-03,2024-03-27,0
723,113,2024-10-24,Completed,Spain,2024-04-12,2024,10,October,4,Thursday,2024-10,2024-02-24,243
724,253,2024-01-14,Completed,Morocco,2023-05-19,2024,1,January,1,Sunday,2024-01,2024-01-07,7
725,180,2024-11-29,Completed,Italy,2023-04-03,2024,11,November,4,Friday,2024-11,2024-04-22,221
726,207,2024-01-02,Completed,Germany,2023-03-18,2024,1,January,1,Tuesday,2024-01,2024-01-02,0
727,127,2024-10-19,Completed,Italy,2023-01-29,2024,10,October,4,Saturday,2024-10,2024-02-21,241
728,56,2024-11-20,Completed,Italy,2023-04-07,2024,11,November,4,Wednesday,2024-11,2024-01-21,304
729,214,2024-02-10,Completed,Italy,2023-04-01,2024,2,February,1,Saturday,2024-02,2024-01-18,23
730,14,2024-11-13,Completed,Italy,2023-01-04,2024,11,November,4,Wednesday,2024-11,2024-03-07,251
731,28,2024-11-11,Completed,Morocco,2024-02-04,2024,11,November,4,Monday,2024-11,2024-04-04,221
732,78,2024-04-20,Completed,Spain,2023-07-14,2024,4,April,2,Saturday,2024-04,2024-03-03,48
733,216,2024-01-14,Completed,Italy,2023-01-08,2024,1,January,1,Sunday,2024-01,2024-01-14,0
734,154,2024-08-18,Completed,Morocco,2023-05-27,2024,8,August,3,Sunday,2024-08,2024-01-10,221
735,14,2024-03-24,Cancelled,Italy,2023-01-04,2024,3,March,1,Sunday,2024-03,2024-03-07,17
736,187,2024-05-09,Completed,Morocco,2024-02-14,2024,5,May,2,Thursday,2024-05,2024-02-29,70
737,7,2024-08-18,Completed,Spain,2024-04-07,2024,8,August,3,Sunday,2024-08,2024-08-18,0
738,3,2024-11-21,Completed,Spain,2023-10-23,2024,11,November,4,Thursday,2024-11,2024-11-21,0
739,111,2024-05-24,Returned,France,2023-06-17,2024,5,May,2,Friday,2024-05,2024-03-16,69
740,238,2024-12-10,Completed,Spain,2024-02-29,2024,12,December,4,Tuesday,2024-12,2024-06-24,169
741,239,2024-01-28,Completed,Spain,2023-07-13,2024,1,January,1,Sunday,2024-01,2024-01-26,2
742,274,2024-03-06,Completed,Morocco,2023-06-12,2024,3,March,1,Wednesday,2024-03,2024-03-06,0
743,294,2024-06-11,Completed,France,2024-01-06,2024,6,June,2,Tuesday,2024-06,2024-02-05,127
744,227,2024-08-16,Completed,Spain,2023-09-21,2024,8,August,3,Friday,2024-08,2024-06-01,76
745,15,2024-09-17,Completed,Morocco,2023-09-01,2024,9,September,3,Tuesday,2024-09,2024-01-20,241
746,192,2024-06-12,Cancelled,Italy,2023-08-10,2024,6,June,2,Wednesday,2024-06,2024-01-12,152
747,119,2024-10-27,Completed,Spain,2024-01-11,2024,10,October,4,Sunday,2024-10,2024-06-09,140
748,28,2024-10-29,Completed,Morocco,2024-02-04,2024,10,October,4,Tuesday,2024-10,2024-04-04,208
749,202,2024-10-13,Returned,Spain,2023-02-18,2024,10,October,4,Sunday,2024-10,2024-01-15,272
750,39,2024-01-10,Completed,Morocco,2024-02-15,2024,1,January,1,Wednesday,2024-01,2024-01-10,0
751,273,2024-07-13,Completed,Germany,2023-08-16,2024,7,July,3,Saturday,2024-07,2024-03-13,122
752,231,2024-04-27,Completed,Morocco,2024-02-18,2024,4,April,2,Saturday,2024-04,2024-02-11,76
753,86,2024-09-26,Completed,Morocco,2024-02-17,2024,9,September,3,Thursday,2024-09,2024-02-07,232
754,126,2024-03-20,Completed,France,2023-07-24,2024,3,March,1,Wednesday,2024-03,2024-03-20,0
755,300,2024-04-02,Returned,Spain,2023-05-05,2024,4,April,2,Tuesday,2024-04,2024-02-08,54
756,25,2024-09-22,Completed,Italy,2023-01-31,2024,9,September,3,Sunday,2024-09,2024-01-22,244
757,145,2024-11-27,Completed,France,2023-06-07,2024,11,November,4,Wednesday,2024-11,2024-08-04,115
758,13,2024-12-15,Completed,Italy,2024-02-10,2024,12,December,4,Sunday,2024-12,2024-06-01,197
759,212,2024-12-26,Cancelled,Morocco,2023-08-09,2024,12,December,4,Thursday,2024-12,2024-04-11,259
760,25,2024-09-13,Returned,Italy,2023-01-31,2024,9,September,3,Friday,2024-09,2024-01-22,235
761,68,2024-05-12,Cancelled,Morocco,2023-12-02,2024,5,May,2,Sunday,2024-05,2024-05-12,0
762,67,2024-10-02,Completed,Spain,2023-03-29,2024,10,October,4,Wednesday,2024-10,2024-03-29,187
763,233,2024-09-20,Completed,Spain,2023-05-29,2024,9,September,3,Friday,2024-09,2024-01-25,239
764,109,2024-06-19,Completed,Italy,2023-09-02,2024,6,June,2,Wednesday,2024-06,2024-06-19,0
765,146,2024-01-01,Completed,Morocco,2023-06-21,2024,1,January,1,Monday,2024-01,2024-01-01,0
766,111,2024-11-08,Completed,France,2023-06-17,2024,11,November,4,Friday,2024-11,2024-03-16,237
767,228,2024-03-04,Completed,Germany,2023-10-12,2024,3,March,1,Monday,2024-03,2024-01-11,53
768,111,2024-10-10,Completed,France,2023-06-17,2024,10,October,4,Thursday,2024-10,2024-03-16,208
769,34,2024-04-30,Completed,Morocco,2024-01-03,2024,4,April,2,Tuesday,2024-04,2024-04-30,0
770,111,2024-04-16,Completed,France,2023-06-17,2024,4,April,2,Tuesday,2024-04,2024-03-16,31
771,264,2024-06-23,Completed,France,2023-01-02,2024,6,June,2,Sunday,2024-06,2024-03-02,113
772,236,2024-07-22,Completed,Morocco,2023-01-02,2024,7,July,3,Monday,2024-07,2024-01-03,201
773,83,2024-06-13,Completed,Italy,2023-02-18,2024,6,June,2,Thursday,2024-06,2024-01-09,156
774,42,2024-10-31,Completed,Italy,2024-01-07,2024,10,October,4,Thursday,2024-10,2024-04-07,207
775,101,2024-04-29,Completed,Germany,2024-01-10,2024,4,April,2,Monday,2024-04,2024-01-02,118
776,6,2024-02-13,Completed,Italy,2023-07-13,2024,2,February,1,Tuesday,2024-02,2024-01-12,32
777,180,2024-11-07,Completed,Italy,2023-04-03,2024,11,November,4,Thursday,2024-11,2024-04-22,199
778,282,2024-06-04,Completed,France,2024-05-06,2024,6,June,2,Tuesday,2024-06,2024-03-17,79
779,226,2024-07-25,Returned,Morocco,2024-03-13,2024,7,July,3,Thursday,2024-07,2024-02-08,168
780,229,2024-04-17,Completed,France,2023-04-05,2024,4,April,2,Wednesday,2024-04,2024-01-12,96
781,289,2024-09-07,Completed,Italy,2023-05-28,2024,9,September,3,Saturday,2024-09,2024-03-22,169
782,150,2024-11-29,Completed,Morocco,2024-02-07,2024,11,November,4,Friday,2024-11,2024-09-27,63
783,277,2024-05-09,Completed,Germany,2023-07-19,2024,5,May,2,Thursday,2024-05,2024-01-15,115
784,198,2024-10-19,Completed,Germany,2023-05-02,2024,10,October,4,Saturday,2024-10,2024-02-11,251
785,70,2024-01-20,Completed,Morocco,2023-08-03,2024,1,January,1,Saturday,2024-01,2024-01-20,0
786,112,2024-10-08,Returned,Germany,2024-04-25,2024,10,October,4,Tuesday,2024-10,2024-07-06,94
787,4,2024-10-11,Completed,France,2023-01-03,2024,10,October,4,Friday,2024-10,2024-01-16,269
788,95,2024-01-01,Cancelled,Spain,2023-11-23,2024,1,January,1,Monday,2024-01,2024-01-01,0
789,152,2024-04-28,Completed,Morocco,2023-09-15,2024,4,April,2,Sunday,2024-04,2024-02-16,72
790,137,2024-02-04,Completed,France,2023-04-15,2024,2,February,1,Sunday,2024-02,2024-02-04,0
791,247,2024-07-16,Returned,Spain,2024-05-12,2024,7,July,3,Tuesday,2024-07,2024-01-25,173
792,243,2024-09-01,Completed,France,2024-03-10,2024,9,September,3,Sunday,2024-09,2024-02-12,202
793,31,2024-02-28,Completed,Italy,2023-05-26,2024,2,February,1,Wednesday,2024-02,2024-02-28,0
794,40,2024-11-20,Completed,Morocco,2023-09-04,2024,11,November,4,Wednesday,2024-11,2024-11-20,0
795,229,2024-06-09,Completed,France,2023-04-05,2024,6,June,2,Sunday,2024-06,2024-01-12,149
796,36,2024-06-27,Completed,Italy,2024-01-03,2024,6,June,2,Thursday,2024-06,2024-02-15,133
797,223,2024-07-24,Completed,Spain,2023-12-15,2024,7,July,3,Wednesday,2024-07,2024-02-09,166
798,6,2024-01-12,Completed,Italy,2023-07-13,2024,1,January,1,Friday,2024-01,2024-01-12,0
799,220,2024-10-02,Completed,France,2024-01-29,2024,10,October,4,Wednesday,2024-10,2024-06-14,110
800,75,2024-06-29,Completed,Spain,2023-07-03,2024,6,June,2,Saturday,2024-06,2024-01-12,169
801,4,2024-08-29,Completed,France,2023-01-03,2024,8,August,3,Thursday,2024-08,2024-01-16,226
802,134,2024-08-03,Completed,Italy,2023-08-28,2024,8,August,3,Saturday,2024-08,2024-05-03,92
803,118,2024-09-07,Completed,Morocco,2023-04-19,2024,9,September,3,Saturday,2024-09,2024-01-03,248
804,94,2024-10-25,Completed,Germany,2024-04-25,2024,10,October,4,Friday,2024-10,2024-10-25,0
805,62,2024-05-05,Completed,Spain,2023-05-07,2024,5,May,2,Sunday,2024-05,2024-03-13,53
806,194,2024-08-04,Cancelled,Morocco,2024-03-12,2024,8,August,3,Sunday,2024-08,2024-01-07,210
807,203,2024-11-01,Completed,Spain,2024-01-12,2024,11,November,4,Friday,2024-11,2024-01-24,282
808,26,2024-10-11,Completed,Spain,2023-07-24,2024,10,October,4,Friday,2024-10,2024-01-08,277
809,173,2024-07-03,Completed,Morocco,2024-04-28,2024,7,July,3,Wednesday,2024-07,2024-01-27,158
810,300,2024-02-08,Completed,Spain,2023-05-05,2024,2,February,1,Thursday,2024-02,2024-02-08,0
811,133,2024-08-10,Completed,Germany,2023-05-31,2024,8,August,3,Saturday,2024-08,2024-01-07,216
812,118,2024-07-02,Completed,Morocco,2023-04-19,2024,7,July,3,Tuesday,2024-07,2024-01-03,181
813,275,2024-06-26,Completed,France,2023-08-24,2024,6,June,2,Wednesday,2024-06,2024-05-24,33
814,212,2024-10-20,Completed,Morocco,2023-08-09,2024,10,October,4,Sunday,2024-10,2024-04-11,192
815,225,2024-12-05,Cancelled,Morocco,2023-03-02,2024,12,December,4,Thursday,2024-12,2024-02-15,294
816,20,2024-05-30,Cancelled,France,2024-04-18,2024,5,May,2,Thursday,2024-05,2024-01-11,140
817,113,2024-05-05,Returned,Spain,2024-04-12,2024,5,May,2,Sunday,2024-05,2024-02-24,71
818,140,2024-10-27,Completed,Morocco,2024-02-05,2024,10,October,4,Sunday,2024-10,2024-03-21,220
819,47,2024-11-03,Completed,Italy,2024-01-16,2024,11,November,4,Sunday,2024-11,2024-02-06,271
820,1,2024-12-01,Completed,Spain,2023-05-15,2024,12,December,4,Sunday,2024-12,2024-01-01,335
821,90,2024-08-21,Completed,Italy,2023-08-23,2024,8,August,3,Wednesday,2024-08,2024-01-23,211
822,142,2024-01-08,Completed,Germany,2024-03-15,2024,1,January,1,Monday,2024-01,2024-01-08,0
823,38,2024-12-06,Completed,Morocco,2024-05-03,2024,12,December,4,Friday,2024-12,2024-04-07,243
824,293,2024-05-08,Completed,Germany,2023-11-04,2024,5,May,2,Wednesday,2024-05,2024-05-08,0
825,139,2024-09-20,Completed,France,2024-03-08,2024,9,September,3,Friday,2024-09,2024-02-22,211
826,259,2024-06-05,Completed,Spain,2024-03-15,2024,6,June,2,Wednesday,2024-06,2024-04-15,51
827,161,2024-12-17,Completed,Germany,2023-12-24,2024,12,December,4,Tuesday,2024-12,2024-05-10,221
828,178,2024-12-23,Completed,France,2023-11-20,2024,12,December,4,Monday,2024-12,2024-02-28,299
829,10,2024-01-05,Cancelled,Italy,2024-01-05,2024,1,January,1,Friday,2024-01,2024-01-05,0
830,261,2024-03-26,Completed,Morocco,2023-10-31,2024,3,March,1,Tuesday,2024-03,2024-01-12,74
831,138,2024-06-23,Completed,Morocco,2024-02-29,2024,6,June,2,Sunday,2024-06,2024-03-22,93
832,172,2024-10-16,Completed,Italy,2023-07-18,2024,10,October,4,Wednesday,2024-10,2024-01-09,281
833,13,2024-07-11,Completed,Italy,2024-02-10,2024,7,July,3,Thursday,2024-07,2024-06-01,40
834,168,2024-11-06,Completed,France,2024-04-22,2024,11,November,4,Wednesday,2024-11,2024-03-15,236
835,130,2024-04-28,Completed,Spain,2023-07-26,2024,4,April,2,Sunday,2024-04,2024-04-28,0
836,84,2024-08-05,Completed,France,2023-04-06,2024,8,August,3,Monday,2024-08,2024-06-18,48
837,101,2024-04-23,Completed,Germany,2024-01-10,2024,4,April,2,Tuesday,2024-04,2024-01-02,112
838,273,2024-05-24,Completed,Germany,2023-08-16,2024,5,May,2,Friday,2024-05,2024-03-13,72
839,265,2024-01-26,Completed,Italy,2023-03-29,2024,1,January,1,Friday,2024-01,2024-01-26,0
840,38,2024-05-15,Completed,Morocco,2024-05-03,2024,5,May,2,Wednesday,2024-05,2024-04-07,38
841,94,2024-10-29,Completed,Germany,2024-04-25,2024,10,October,4,Tuesday,2024-10,2024-10-25,4
842,95,2024-08-19,Completed,Spain,2023-11-23,2024,8,August,3,Monday,2024-08,2024-01-01,231
843,69,2024-03-16,Returned,Germany,2024-02-13,2024,3,March,1,Saturday,2024-03,2024-01-09,67
844,236,2024-11-23,Completed,Morocco,2023-01-02,2024,11,November,4,Saturday,2024-11,2024-01-03,325
845,137,2024-12-10,Completed,France,2023-04-15,2024,12,December,4,Tuesday,2024-12,2024-02-04,310
846,76,2024-10-28,Completed,Spain,2023-02-07,2024,10,October,4,Monday,2024-10,2024-07-14,106
847,35,2024-10-15,Completed,Spain,2023-11-14,2024,10,October,4,Tuesday,2024-10,2024-03-28,201
848,1,2024-01-01,Completed,Spain,2023-05-15,2024,1,January,1,Monday,2024-01,2024-01-01,0
849,296,2024-05-26,Completed,France,2023-06-11,2024,5,May,2,Sunday,2024-05,2024-02-05,111
850,60,2024-10-13,Returned,Spain,2024-04-15,2024,10,October,4,Sunday,2024-10,2024-09-18,25
851,267,2024-05-21,Completed,Spain,2024-02-15,2024,5,May,2,Tuesday,2024-05,2024-05-21,0
852,229,2024-02-22,Completed,France,2023-04-05,2024,2,February,1,Thursday,2024-02,2024-01-12,41
853,270,2024-10-30,Completed,Spain,2023-09-17,2024,10,October,4,Wednesday,2024-10,2024-06-09,143
854,286,2024-03-09,Completed,Spain,2023-10-06,2024,3,March,1,Saturday,2024-03,2024-01-04,65
855,291,2024-12-26,Completed,Morocco,2023-01-29,2024,12,December,4,Thursday,2024-12,2024-02-08,322
856,213,2024-03-30,Completed,France,2024-04-27,2024,3,March,1,Saturday,2024-03,2024-03-30,0
857,165,2024-08-07,Completed,Italy,2023-04-05,2024,8,August,3,Wednesday,2024-08,2024-07-13,25
858,5,2024-07-10,Completed,Italy,2024-02-05,2024,7,July,3,Wednesday,2024-07,2024-01-22,170
859,78,2024-03-03,Completed,Spain,2023-07-14,2024,3,March,1,Sunday,2024-03,2024-03-03,0
860,62,2024-03-13,Returned,Spain,2023-05-07,2024,3,March,1,Wednesday,2024-03,2024-03-13,0
861,132,2024-06-09,Completed,Germany,2023-10-07,2024,6,June,2,Sunday,2024-06,2024-01-21,140
862,89,2024-06-17,Returned,Morocco,2024-03-04,2024,6,June,2,Monday,2024-06,2024-05-16,32
863,237,2024-03-29,Completed,Italy,2023-06-27,2024,3,March,1,Friday,2024-03,2024-03-22,7
864,42,2024-06-24,Cancelled,Italy,2024-01-07,2024,6,June,2,Monday,2024-06,2024-04-07,78
865,89,2024-09-25,Completed,Morocco,2024-03-04,2024,9,September,3,Wednesday,2024-09,2024-05-16,132
866,296,2024-03-13,Cancelled,France,2023-06-11,2024,3,March,1,Wednesday,2024-03,2024-02-05,37
867,295,2024-09-01,Returned,France,2024-03-05,2024,9,September,3,Sunday,2024-09,2024-08-14,18
868,104,2024-03-17,Completed,Spain,2023-02-05,2024,3,March,1,Sunday,2024-03,2024-03-17,0
869,14,2024-06-07,Returned,Italy,2023-01-04,2024,6,June,2,Friday,2024-06,2024-03-07,92
870,288,2024-11-19,Completed,France,2024-02-20,2024,11,November,4,Tuesday,2024-11,2024-05-25,178
871,179,2024-04-07,Completed,Spain,2023-05-08,2024,4,April,2,Sunday,2024-04,2024-04-07,0
872,125,2024-04-11,Completed,France,2023-05-07,2024,4,April,2,Thursday,2024-04,2024-03-03,39
873,23,2024-05-11,Completed,Spain,2023-04-02,2024,5,May,2,Saturday,2024-05,2024-05-11,0
874,63,2024-04-11,Completed,Spain,2024-03-03,2024,4,April,2,Thursday,2024-04,2024-01-09,93
875,143,2024-01-19,Completed,Italy,2023-08-24,2024,1,January,1,Friday,2024-01,2024-01-19,0
876,153,2024-03-22,Completed,Germany,2023-06-13,2024,3,March,1,Friday,2024-03,2024-02-28,23
877,145,2024-10-05,Completed,France,2023-06-07,2024,10,October,4,Saturday,2024-10,2024-08-04,62
878,225,2024-12-04,Cancelled,Morocco,2023-03-02,2024,12,December,4,Wednesday,2024-12,2024-02-15,293
879,104,2024-12-30,Completed,Spain,2023-02-05,2024,12,December,4,Monday,2024-12,2024-03-17,288
880,104,2024-11-26,Completed,Spain,2023-02-05,2024,11,November,4,Tuesday,2024-11,2024-03-17,254
881,39,2024-05-08,Completed,Morocco,2024-02-15,2024,5,May,2,Wednesday,2024-05,2024-01-10,119
882,198,2024-12-09,Completed,Germany,2023-05-02,2024,12,December,4,Monday,2024-12,2024-02-11,302
883,134,2024-11-05,Completed,Italy,2023-08-28,2024,11,November,4,Tuesday,2024-11,2024-05-03,186
884,67,2024-03-29,Completed,Spain,2023-03-29,2024,3,March,1,Friday,2024-03,2024-03-29,0
885,179,2024-07-31,Completed,Spain,2023-05-08,2024,7,July,3,Wednesday,2024-07,2024-04-07,115
886,42,2024-05-22,Returned,Italy,2024-01-07,2024,5,May,2,Wednesday,2024-05,2024-04-07,45
887,15,2024-03-05,Completed,Morocco,2023-09-01,2024,3,March,1,Tuesday,2024-03,2024-01-20,45
888,111,2024-03-16,Completed,France,2023-06-17,2024,3,March,1,Saturday,2024-03,2024-03-16,0
889,157,2024-07-17,Completed,Morocco,2024-04-07,2024,7,July,3,Wednesday,2024-07,2024-04-02,106
890,289,2024-05-22,Completed,Italy,2023-05-28,2024,5,May,2,Wednesday,2024-05,2024-03-22,61
891,231,2024-11-11,Completed,Morocco,2024-02-18,2024,11,November,4,Monday,2024-11,2024-02-11,274
892,157,2024-04-02,Completed,Morocco,2024-04-07,2024,4,April,2,Tuesday,2024-04,2024-04-02,0
893,38,2024-10-31,Completed,Morocco,2024-05-03,2024,10,October,4,Thursday,2024-10,2024-04-07,207
894,97,2024-08-11,Completed,Spain,2023-12-17,2024,8,August,3,Sunday,2024-08,2024-08-11,0
895,289,2024-10-17,Returned,Italy,2023-05-28,2024,10,October,4,Thursday,2024-10,2024-03-22,209
896,254,2024-04-11,Cancelled,Germany,2023-08-09,2024,4,April,2,Thursday,2024-04,2024-03-26,16
897,196,2024-09-23,Completed,Spain,2023-09-16,2024,9,September,3,Monday,2024-09,2024-02-16,220
898,86,2024-12-20,Completed,Morocco,2024-02-17,2024,12,December,4,Friday,2024-12,2024-02-07,317
899,10,2024-04-19,Completed,Italy,2024-01-05,2024,4,April,2,Friday,2024-04,2024-01-05,105
900,5,2024-11-25,Completed,Italy,2024-02-05,2024,11,November,4,Monday,2024-11,2024-01-22,308
901,123,2024-09-21,Completed,Spain,2024-03-14,2024,9,September,3,Saturday,2024-09,2024-01-17,248
902,118,2024-01-03,Completed,Morocco,2023-04-19,2024,1,January,1,Wednesday,2024-01,2024-01-03,0
903,294,2024-03-25,Completed,France,2024-01-06,2024,3,March,1,Monday,2024-03,2024-02-05,49
904,159,2024-10-08,Completed,France,2023-02-07,2024,10,October,4,Tuesday,2024-10,2024-10-08,0
905,228,2024-11-23,Completed,Germany,2023-10-12,2024,11,November,4,Saturday,2024-11,2024-01-11,317
906,216,2024-10-30,Returned,Italy,2023-01-08,2024,10,October,4,Wednesday,2024-10,2024-01-14,290
907,184,2024-04-26,Returned,France,2024-04-21,2024,4,April,2,Friday,2024-04,2024-04-26,0
908,15,2024-08-08,Completed,Morocco,2023-09-01,2024,8,August,3,Thursday,2024-08,2024-01-20,201
909,157,2024-06-02,Completed,Morocco,2024-04-07,2024,6,June,2,Sunday,2024-06,2024-04-02,61
910,136,2024-06-01,Cancelled,Spain,2023-07-01,2024,6,June,2,Saturday,2024-06,2024-06-01,0
911,261,2024-01-12,Completed,Morocco,2023-10-31,2024,1,January,1,Friday,2024-01,2024-01-12,0
912,157,2024-05-12,Completed,Morocco,2024-04-07,2024,5,May,2,Sunday,2024-05,2024-04-02,40
913,47,2024-10-30,Completed,Italy,2024-01-16,2024,10,October,4,Wednesday,2024-10,2024-02-06,267
914,173,2024-10-19,Completed,Morocco,2024-04-28,2024,10,October,4,Saturday,2024-10,2024-01-27,266
915,130,2024-10-26,Completed,Spain,2023-07-26,2024,10,October,4,Saturday,2024-10,2024-04-28,181
916,95,2024-08-15,Cancelled,Spain,2023-11-23,2024,8,August,3,Thursday,2024-08,2024-01-01,227
917,115,2024-09-27,Returned,Italy,2023-12-22,2024,9,September,3,Friday,2024-09,2024-06-08,111
918,243,2024-02-12,Completed,France,2024-03-10,2024,2,February,1,Monday,2024-02,2024-02-12,0
919,292,2024-12-08,Completed,Germany,2023-12-27,2024,12,December,4,Sunday,2024-12,2024-04-09,243
920,282,2024-11-21,Returned,France,2024-05-06,2024,11,November,4,Thursday,2024-11,2024-03-17,249
921,299,2024-10-28,Completed,France,2023-03-02,2024,10,October,4,Monday,2024-10,2024-10-28,0
922,283,2024-12-29,Cancelled,Italy,2023-01-21,2024,12,December,4,Sunday,2024-12,2024-03-04,300
923,69,2024-01-21,Completed,Germany,2024-02-13,2024,1,January,1,Sunday,2024-01,2024-01-09,12
924,148,2024-04-16,Completed,Morocco,2024-04-02,2024,4,April,2,Tuesday,2024-04,2024-01-27,80
925,11,2024-12-01,Completed,Morocco,2024-01-03,2024,12,December,4,Sunday,2024-12,2024-12-01,0
926,254,2024-10-29,Completed,Germany,2023-08-09,2024,10,October,4,Tuesday,2024-10,2024-03-26,217
927,38,2024-04-26,Completed,Morocco,2024-05-03,2024,4,April,2,Friday,2024-04,2024-04-07,19
928,134,2024-05-03,Completed,Italy,2023-08-28,2024,5,May,2,Friday,2024-05,2024-05-03,0
929,200,2024-10-07,Completed,Germany,2023-09-20,2024,10,October,4,Monday,2024-10,2024-10-07,0
930,23,2024-10-18,Completed,Spain,2023-04-02,2024,10,October,4,Friday,2024-10,2024-05-11,160
931,218,2024-07-21,Completed,Germany,2024-04-12,2024,7,July,3,Sunday,2024-07,2024-03-21,122
932,141,2024-02-20,Cancelled,Germany,2024-05-11,2024,2,February,1,Tuesday,2024-02,2024-02-19,1
933,104,2024-09-27,Returned,Spain,2023-02-05,2024,9,September,3,Friday,2024-09,2024-03-17,194
934,210,2024-11-19,Completed,Morocco,2023-05-07,2024,11,November,4,Tuesday,2024-11,2024-03-24,240
935,111,2024-10-03,Cancelled,France,2023-06-17,2024,10,October,4,Thursday,2024-10,2024-03-16,201
936,104,2024-05-20,Completed,Spain,2023-02-05,2024,5,May,2,Monday,2024-05,2024-03-17,64
937,171,2024-10-01,Completed,Italy,2023-07-09,2024,10,October,4,Tuesday,2024-10,2024-02-03,241
938,133,2024-10-16,Returned,Germany,2023-05-31,2024,10,October,4,Wednesday,2024-10,2024-01-07,283
939,293,2024-11-29,Completed,Germany,2023-11-04,2024,11,November,4,Friday,2024-11,2024-05-08,205
940,127,2024-02-21,Completed,Italy,2023-01-29,2024,2,February,1,Wednesday,2024-02,2024-02-21,0
941,106,2024-01-27,Cancelled,France,2023-05-09,2024,1,January,1,Saturday,2024-01,2024-01-27,0
942,92,2024-06-05,Completed,Spain,2023-09-01,2024,6,June,2,Wednesday,2024-06,2024-04-14,52
943,287,2024-08-26,Cancelled,France,2023-05-11,2024,8,August,3,Monday,2024-08,2024-08-26,0
944,51,2024-06-04,Cancelled,Germany,2024-02-03,2024,6,June,2,Tuesday,2024-06,2024-02-10,115
945,29,2024-10-17,Completed,Germany,2023-07-26,2024,10,October,4,Thursday,2024-10,2024-01-17,274
946,296,2024-05-15,Cancelled,France,2023-06-11,2024,5,May,2,Wednesday,2024-05,2024-02-05,100
947,297,2024-05-23,Completed,Germany,2023-12-23,2024,5,May,2,Thursday,2024-05,2024-05-23,0
948,214,2024-04-15,Completed,Italy,2023-04-01,2024,4,April,2,Monday,2024-04,2024-01-18,88
949,267,2024-06-06,Completed,Spain,2024-02-15,2024,6,June,2,Thursday,2024-06,2024-05-21,16
950,257,2024-05-25,Returned,Italy,2023-09-06,2024,5,May,2,Saturday,2024-05,2024-05-25,0
951,101,2024-01-02,Completed,Germany,2024-01-10,2024,1,January,1,Tuesday,2024-01,2024-01-02,0
952,110,2024-03-17,Completed,Spain,2023-04-21,2024,3,March,1,Sunday,2024-03,2024-03-17,0
953,182,2024-05-11,Completed,Italy,2023-05-13,2024,5,May,2,Saturday,2024-05,2024-05-11,0
954,1,2024-03-30,Completed,Spain,2023-05-15,2024,3,March,1,Saturday,2024-03,2024-01-01,89
955,55,2024-12-10,Completed,Italy,2024-05-04,2024,12,December,4,Tuesday,2024-12,2024-09-03,98
956,149,2024-12-15,Completed,Germany,2023-11-07,2024,12,December,4,Sunday,2024-12,2024-07-17,151
957,137,2024-09-19,Completed,France,2023-04-15,2024,9,September,3,Thursday,2024-09,2024-02-04,228
958,202,2024-12-16,Completed,Spain,2023-02-18,2024,12,December,4,Monday,2024-12,2024-01-15,336
959,117,2024-04-17,Cancelled,Spain,2024-04-15,2024,4,April,2,Wednesday,2024-04,2024-04-02,15
960,154,2024-03-14,Completed,Morocco,2023-05-27,2024,3,March,1,Thursday,2024-03,2024-01-10,64
961,291,2024-02-08,Completed,Morocco,2023-01-29,2024,2,February,1,Thursday,2024-02,2024-02-08,0
962,63,2024-06-07,Returned,Spain,2024-03-03,2024,6,June,2,Friday,2024-06,2024-01-09,150
963,244,2024-03-11,Completed,Italy,2023-07-15,2024,3,March,1,Monday,2024-03,2024-03-11,0
964,25,2024-11-07,Returned,Italy,2023-01-31,2024,11,November,4,Thursday,2024-11,2024-01-22,290
965,90,2024-08-28,Completed,Italy,2023-08-23,2024,8,August,3,Wednesday,2024-08,2024-01-23,218
966,75,2024-10-24,Cancelled,Spain,2023-07-03,2024,10,October,4,Thursday,2024-10,2024-01-12,286
967,294,2024-02-05,Completed,France,2024-01-06,2024,2,February,1,Monday,2024-02,2024-02-05,0
968,210,2024-03-24,Completed,Morocco,2023-05-07,2024,3,March,1,Sunday,2024-03,2024-03-24,0
969,17,2024-09-19,Completed,Morocco,2023-06-15,2024,9,September,3,Thursday,2024-09,2024-06-18,93
970,128,2024-11-05,Cancelled,Italy,2024-03-20,2024,11,November,4,Tuesday,2024-11,2024-01-14,296
971,251,2024-06-20,Completed,Morocco,2024-04-10,2024,6,June,2,Thursday,2024-06,2024-04-01,80
972,179,2024-06-21,Completed,Spain,2023-05-08,2024,6,June,2,Friday,2024-06,2024-04-07,75
973,182,2024-12-27,Completed,Italy,2023-05-13,2024,12,December,4,Friday,2024-12,2024-05-11,230
974,152,2024-02-16,Completed,Morocco,2023-09-15,2024,2,February,1,Friday,2024-02,2024-02-16,0
975,25,2024-05-20,Completed,Italy,2023-01-31,2024,5,May,2,Monday,2024-05,2024-01-22,119
976,180,2024-04-27,Completed,Italy,2023-04-03,2024,4,April,2,Saturday,2024-04,2024-04-22,5
977,198,2024-10-03,Cancelled,Germany,2023-05-02,2024,10,October,4,Thursday,2024-10,2024-02-11,235
978,161,2024-08-01,Completed,Germany,2023-12-24,2024,8,August,3,Thursday,2024-08,2024-05-10,83
979,177,2024-08-07,Completed,Spain,2024-02-27,2024,8,August,3,Wednesday,2024-08,2024-03-12,148
980,285,2024-01-26,Completed,Spain,2023-07-21,2024,1,January,1,Friday,2024-01,2024-01-26,0
981,63,2024-01-09,Completed,Spain,2024-03-03,2024,1,January,1,Tuesday,2024-01,2024-01-09,0
982,150,2024-09-27,Completed,Morocco,2024-02-07,2024,9,September,3,Friday,2024-09,2024-09-27,0
983,154,2024-01-10,Completed,Morocco,2023-05-27,2024,1,January,1,Wednesday,2024-01,2024-01-10,0
984,156,2024-04-30,Completed,Italy,2023-06-03,2024,4,April,2,Tuesday,2024-04,2024-03-04,57
985,49,2024-05-04,Completed,Spain,2024-01-28,2024,5,May,2,Saturday,2024-05,2024-03-27,38
986,84,2024-06-18,Completed,France,2023-04-06,2024,6,June,2,Tuesday,2024-06,2024-06-18,0
987,177,2024-03-12,Cancelled,Spain,2024-02-27,2024,3,March,1,Tuesday,2024-03,2024-03-12,0
988,148,2024-05-31,Returned,Morocco,2024-04-02,2024,5,May,2,Friday,2024-05,2024-01-27,125
989,118,2024-07-26,Completed,Morocco,2023-04-19,2024,7,July,3,Friday,2024-07,2024-01-03,205
990,63,2024-02-18,Returned,Spain,2024-03-03,2024,2,February,1,Sunday,2024-02,2024-01-09,40
991,189,2024-06-02,Completed,Germany,2023-06-03,2024,6,June,2,Sunday,2024-06,2024-01-18,136
992,49,2024-12-12,Completed,Spain,2024-01-28,2024,12,December,4,Thursday,2024-12,2024-03-27,260
993,257,2024-10-19,Completed,Italy,2023-09-06,2024,10,October,4,Saturday,2024-10,2024-05-25,147
994,224,2024-03-08,Completed,France,2023-06-12,2024,3,March,1,Friday,2024-03,2024-01-02,66
995,141,2024-02-19,Completed,Germany,2024-05-11,2024,2,February,1,Monday,2024-02,2024-02-19,0
996,215,2024-05-31,Completed,Germany,2024-02-15,2024,5,May,2,Friday,2024-05,2024-02-02,119
997,211,2024-01-19,Completed,Italy,2023-07-16,2024,1,January,1,Friday,2024-01,2024-01-19,0
998,32,2024-04-09,Completed,Italy,2024-01-02,2024,4,April,2,Tuesday,2024-04,2024-04-09,0
999,158,2024-02-29,Completed,Italy,2024-01-02,2024,2,February,1,Thursday,2024-02,2024-02-29,0
1000,285,2024-06-15,Completed,Spain,2023-07-21,2024,6,June,2,Saturday,2024-06,2024-01-26,141
